source_id,owner,series,source_period,source_url,downloaded_file,retrieved_utc,sha256,status,notes
NPCI_IMPS_2016_17,NPCI,IMPS product statistics,FY2016-17,https://www.npci.org.in/product/imps/product-statistics,Product-Statistics-IMPS-Product-statistics-imps-2016-17-Monthly.xlsx,2026-09-30,44ced45f98223b0119a25eddc06538056c48bf798195fa9d765b60ae023af483,downloaded,Original workbook archived; monthly rows split by calendar year.
NPCI_IMPS_2017_18,NPCI,IMPS product statistics,FY2017-18,https://www.npci.org.in/product/imps/product-statistics,Product-Statistics-IMPS-Product-statistics-imps-2017-18-Monthly.xlsx,2026-09-30,d9e62b26f350da70fa3fb871a8317266fae17735c358c49568de07a093e93762,downloaded,Original workbook archived; monthly rows split by calendar year.
NPCI_IMPS_2018_19,NPCI,IMPS product statistics,FY2018-19,https://www.npci.org.in/product/imps/product-statistics,Product-Statistics-IMPS-Product-statistics-imps-2018-19-Monthly.xlsx,2026-09-30,a82fa6952a665e50969ea838311bd8337fd1794062b331e6908fca2d5bf30e5a,downloaded,Original workbook archived; monthly rows split by calendar year.
NPCI_IMPS_2019_20,NPCI,IMPS product statistics,FY2019-20,https://www.npci.org.in/product/imps/product-statistics,Product-Statistics-IMPS-Product-statistics-imps-2019-20-Monthly.xlsx,2026-09-30,2b8cc96b2e06dbb05d3e7c3031a915452d5e6ceee3d85decc460c3aa0eb0fcf6,downloaded,Original workbook archived; monthly rows split by calendar year.
NPCI_IMPS_2020_21,NPCI,IMPS product statistics,FY2020-21,https://www.npci.org.in/product/imps/product-statistics,Product-Statistics-IMPS-Product-statistics-imps-2020-21-Monthly.xlsx,2026-09-30,450ce2cb7ff904ae31dd175c80c1da46756c3929397a1a575490e9231be2a346,downloaded,Original workbook archived; monthly rows split by calendar year.
NPCI_IMPS_2021_22,NPCI,IMPS product statistics,FY2021-22,https://www.npci.org.in/product/imps/product-statistics,Product-Statistics-IMPS-Product-statistics-imps-2021-22-Monthly.xlsx,2026-09-30,5ee6a4f65af804e43c145a5423ba32ebb88250bb99c2febb22eeadef7ebb647c,downloaded,Original workbook archived; monthly rows split by calendar year.
NPCI_IMPS_2022_23,NPCI,IMPS product statistics,FY2022-23,https://www.npci.org.in/product/imps/product-statistics,Product-Statistics-IMPS-Product-statistics-imps-2022-23-Monthly.xlsx,2026-09-30,3a8a0d900a3e93c0d7b2ac16c058e2f9de503019acc5c5a66724b3c23b58927f,downloaded,Original workbook archived; monthly rows split by calendar year.
NPCI_IMPS_2023_24,NPCI,IMPS product statistics,FY2023-24,https://www.npci.org.in/product/imps/product-statistics,Product-Statistics-IMPS-Product-statistics-imps-2023-24-Monthly.xlsx,2026-09-30,6fa22f81c9d2f34e2005dd1af708939b90c091d419e2035431e1435d88593908,downloaded,Original workbook archived; monthly rows split by calendar year.
NPCI_IMPS_2024_25,NPCI,IMPS product statistics,FY2024-25,https://www.npci.org.in/product/imps/product-statistics,Product-Statistics-IMPS-Product-statistics-imps-2024-25-Monthly.xlsx,2026-09-30,3648d914757a202630ecff59e67ea3aaaff410406c68134e124a6016129bf080,downloaded,Original workbook archived; monthly rows split by calendar year.
NPCI_IMPS_2025_26,NPCI,IMPS product statistics,FY2025-26,https://www.npci.org.in/product/imps/product-statistics,Product-Statistics-IMPS-Product-statistics-imps-2025-26-Monthly.xlsx,2026-09-30,b56e8febe964277c7591562f3836391018c923398278ef6283955afcb98b6a33,downloaded,Original workbook archived; monthly rows split by calendar year.
NPCI_UPI_2016_17,NPCI,Total UPI product statistics,FY2016-17,https://www.npci.org.in/product/upi/product-statistics,Product-Statistics-UPI-Product-statistics-upi-2016-17-Monthly.xlsx,2026-09-30,df344bc11ef3efc5b05bc4dbb3d63b5a5db4e770f8e3ba5dbc2b7281d57e69b3,downloaded,Original workbook archived; monthly rows split by calendar year.
NPCI_UPI_2017_18,NPCI,Total UPI product statistics,FY2017-18,https://www.npci.org.in/product/upi/product-statistics,Product-Statistics-UPI-Product-statistics-upi-2017-18-Monthly.xlsx,2026-09-30,8b5cbc3d242c09679a49b41ad4f98c3759a2715770cf4c3e112c1c588c65ee6f,downloaded,Original workbook archived; monthly rows split by calendar year.
NPCI_UPI_2018_19,NPCI,Total UPI product statistics,FY2018-19,https://www.npci.org.in/product/upi/product-statistics,Product-Statistics-UPI-Product-statistics-upi-2018-19-Monthly.xlsx,2026-09-30,f2750cc6d8d40a8923f8f522da6b695e402e266c567ff5169a168b18b9541182,downloaded,Original workbook archived; monthly rows split by calendar year.
NPCI_UPI_2019_20,NPCI,Total UPI product statistics,FY2019-20,https://www.npci.org.in/product/upi/product-statistics,Product-Statistics-UPI-Product-statistics-upi-2019-20-Monthly.xlsx,2026-09-30,5948d224bbf81871ca82a75280edc61789450fc3b347fb57278e34971fe3ae02,downloaded,Original workbook archived; monthly rows split by calendar year.
NPCI_UPI_2020_21,NPCI,Total UPI product statistics,FY2020-21,https://www.npci.org.in/product/upi/product-statistics,Product-Statistics-UPI-Product-statistics-upi-2020-21-Monthly.xlsx,2026-09-30,a4a3f29cbe58fee00b0481933dda2b9d0a55467ec2846638319ca0cc6daf5c25,downloaded,Original workbook archived; monthly rows split by calendar year.
NPCI_UPI_2021_22,NPCI,Total UPI product statistics,FY2021-22,https://www.npci.org.in/product/upi/product-statistics,Product-Statistics-UPI-Product-statistics-upi-2021-22-Monthly.xlsx,2026-09-30,db0995485cf08b141fb0a6ffe4a64c1563f1586b8be04f072db199c7645d4d2b,downloaded,Original workbook archived; monthly rows split by calendar year.
NPCI_UPI_2022_23,NPCI,Total UPI product statistics,FY2022-23,https://www.npci.org.in/product/upi/product-statistics,Product-Statistics-UPI-Product-statistics-upi-2022-23-Monthly.xlsx,2026-09-30,5fcc9a4d4b0d16111810a7d0e893d715dea17f178ba849bbaee996282f622d7a,downloaded,Original workbook archived; monthly rows split by calendar year.
NPCI_UPI_2023_24,NPCI,Total UPI product statistics,FY2023-24,https://www.npci.org.in/product/upi/product-statistics,Product-Statistics-UPI-Product-statistics-upi-2023-24-Monthly.xlsx,2026-09-30,20357889d5aa8c9fbae486997d64cf0673b3ee5e40b05d6d58f8e658e6b5ffa7,downloaded,Original workbook archived; monthly rows split by calendar year.
NPCI_UPI_2024_25,NPCI,Total UPI product statistics,FY2024-25,https://www.npci.org.in/product/upi/product-statistics,Product-Statistics-UPI-Product-statistics-upi-2024-25-Monthly.xlsx,2026-09-30,687426058fac9fbd718ccc467507de9719fa44c42229c5bb9c8bf8f738baaddd,downloaded,Original workbook archived; monthly rows split by calendar year.
NPCI_UPI_P2P_P2M_2022,NPCI,UPI P2P/P2M monthly transaction statistics,2022-01 to 2022-12,https://www.npci.org.in/product/ecosystem-statistics/upi,data/assignment2/by_year/2022/npci_upi_p2p_p2m_transactions.csv,2026-09-30,092130b66db8fe712f8e87cd918cfcd0cb808820f701a75f77cc7d9ac8d5a04b,extracted_from_official_web_table,12 monthly rows; table units are volume in millions and value in crore; raw displayed values are preserved in source_archive/npci/upi_p2p_p2m_ui_extract_2022-01_2026-03.tsv.
NPCI_UPI_P2P_P2M_2023,NPCI,UPI P2P/P2M monthly transaction statistics,2023-01 to 2023-12,https://www.npci.org.in/product/ecosystem-statistics/upi,data/assignment2/by_year/2023/npci_upi_p2p_p2m_transactions.csv,2026-09-30,c44785e428fea4300c0c2ae042cef6dc34c05f9944164295dfa2b8513034d645,extracted_from_official_web_table,12 monthly rows; table units are volume in millions and value in crore; raw displayed values are preserved in source_archive/npci/upi_p2p_p2m_ui_extract_2022-01_2026-03.tsv.
NPCI_UPI_P2P_P2M_2024,NPCI,UPI P2P/P2M monthly transaction statistics,2024-01 to 2024-12,https://www.npci.org.in/product/ecosystem-statistics/upi,data/assignment2/by_year/2024/npci_upi_p2p_p2m_transactions.csv,2026-09-30,b37a0669d35cf428d69ed62dc0efcba1b1b43673716d52f9de1fbb4cf9d63040,extracted_from_official_web_table,12 monthly rows; table units are volume in millions and value in crore; raw displayed values are preserved in source_archive/npci/upi_p2p_p2m_ui_extract_2022-01_2026-03.tsv.
NPCI_UPI_P2P_P2M_2025,NPCI,UPI P2P/P2M monthly transaction statistics,2025-01 to 2025-12,https://www.npci.org.in/product/ecosystem-statistics/upi,data/assignment2/by_year/2025/npci_upi_p2p_p2m_transactions.csv,2026-09-30,7469857f70ac3518910edbafc4d31c2bc6a68ca90e9aa872fe0a17396d24792f,extracted_from_official_web_table,12 monthly rows; table units are volume in millions and value in crore; raw displayed values are preserved in source_archive/npci/upi_p2p_p2m_ui_extract_2022-01_2026-03.tsv.
RBI_PSI_April_2025_sample,RBI,Payment System Indicators sample extract,April 2025,https://www.rbi.org.in/Scripts/PSIUserView.aspx?Id=47,data/assignment2/by_year/2025/rbi_april_2025_sample.csv,2026-09-30,3053662a79724514d76fca38361dff85d6b47f4ab1384411e351c85990d6fb63,sample_extracted,15 raw line-item observations transcribed from the official April 2025 release; not the full panel or archived release workbook.
NPCI_UPI_P2P_P2M_2026,NPCI,UPI P2P/P2M monthly transaction statistics,2026-01 to 2026-03,https://www.npci.org.in/product/ecosystem-statistics/upi,data/assignment2/by_year/2026/npci_upi_p2p_p2m_transactions.csv,2026-09-30,392cf402b0fc4fff5cd74c61f86c35f2d6fa55af5d160c17a2c7c52a18e9b6da,extracted_from_official_web_table,3 monthly rows; table units are volume in millions and value in crore; raw displayed values are preserved in source_archive/npci/upi_p2p_p2m_ui_extract_2022-01_2026-03.tsv.
NPCI_UPI_P2P_P2M_RAW_UI_2022_2026,NPCI,UPI P2P/P2M monthly transaction statistics raw displayed rows,2022-01 to 2026-03,https://www.npci.org.in/product/ecosystem-statistics/upi,data/assignment2/source_archive/npci/upi_p2p_p2m_ui_extract_2022-01_2026-03.tsv,2026-09-30,9104c646ccdce052b918ac52d7f8384b3f88f89073ce69fce4e24b3ec21992fa,transcribed_from_official_web_table,"51 month/year-selected table rows transcribed with NPCI-formatted values, preserving original punctuation and thousands separators."
NPCI_UPI_2025_26,NPCI,Total UPI product statistics,FY2025-26,https://www.npci.org.in/product/upi/product-statistics,npci_upi_product_statistics_FY2025-26.xlsx,2026-09-30,29eb9036eed9275c4eb8bd079299e68af84bcb4efafb30671da3b78e22aab3ee,downloaded,Original workbook archived; monthly rows split by calendar year.
RBI_PSI_CARDS_PPI_OWN_MONTH_PANEL,RBI,Payment System Indicators - domestic card and PPI transactions,2022-01 to 2026-03,https://www.rbi.org.in/Scripts/PSIUserView.aspx?Id=58,data/assignment2/source_archive/rbi/rbi_psi_card_ppi_monthly_own_release_extract_2022-01_2026-03.csv,2026-09-30,7d15af8f09c208268d27ce8fc786a4caebdd75c2d375813f6432eaf2d69a6ad9,extracted_from_official_release_pages,"51 own-month observations; volume lakh, value ₹ crore; current-month column transcribed from each month release page. Direct XLSX URL for each month is in rbi_psi_release_links_2022-01_2026-03.csv; original RBI XLSX files were not archived. Values in whole ₹ crore may differ by ₹1 due to source rounding; an early page label renders December as Decmber."
RBI_PSI_RELEASE_LINKS_2022_2026,RBI,Payment System Indicators monthly release and XLSX link index,2022-01 to 2026-03,https://www.rbi.org.in/Scripts/PSIUserView.aspx?Id=58,data/assignment2/source_archive/rbi/rbi_psi_release_links_2022-01_2026-03.csv,2026-09-30,9699b7ff23dddd5a4753fc2faf06d036d000f26aa07671c5d0b58f53087cfd6b,linked_from_official_archive,51 individually verified release page URLs and their official RBI XLSX hrefs; the index is not a copy of the workbook files.
MOSPI_CPI_OLD_BASE_TIMESERIES_2013_2025,MoSPI,"All India Combined General CPI, base 2012=100",2022-01–2025-12,https://mospi.gov.in/uploads/latestReleases/latest_release_1768213461321_53cd35fd-1bbc-4b43-b92d-8fb67474ee74_Press_Release_of_CPI_for_December_2025.pdf,source_archive/mospi/cpi_combined_2012_base_and_2024_base_2022-01_2026-03.csv,2026-09-30,f4afa43d63c4b61e97393a4d51f7e4479cb1f0322beee870364f39099db0b8f0,official_pdf_transcription,"MoSPI Annexure VI time series, values as published; Dec-2025 provisional."
MOSPI_CPI_LINK_FACTOR_2024,MoSPI,Combined CPI linking factor 2012 to 2024,Published 2026-02-12,https://www.mospi.gov.in/uploads/latestreleasesfiles/1770893247472-Press%20Relase%20of%20CPI%20for%20Jan26.pdf,source_archive/mospi/cpi_combined_2012_base_and_2024_base_2022-01_2026-03.csv,2026-09-30,f4afa43d63c4b61e97393a4d51f7e4479cb1f0322beee870364f39099db0b8f0,official_pdf_transcription,Official Combined general-level link factor 0.5267; mechanical calculations retained in linked column.
MOSPI_CPI_NEW_BASE_JAN_2026,MoSPI,All India Combined General CPI base 2024=100,2026-01,https://www.mospi.gov.in/uploads/latestreleasesfiles/1773310539387_714ce3b5-4644-4aef-b2e3-64433640a9c3_Press_Release_of_CPI_February_2026.pdf,source_archive/mospi/cpi_combined_2012_base_and_2024_base_2022-01_2026-03.csv,2026-09-30,f4afa43d63c4b61e97393a4d51f7e4479cb1f0322beee870364f39099db0b8f0,official_pdf_transcription,January 2026 final; Combined index 104.45.
MOSPI_CPI_NEW_BASE_FEB_2026,MoSPI,All India Combined General CPI base 2024=100,2026-02,https://www.mospi.gov.in/uploads/latestreleasesfiles/1776078391571-Press_Release_of_CPI_March_2026.pdf,source_archive/mospi/cpi_combined_2012_base_and_2024_base_2022-01_2026-03.csv,2026-09-30,f4afa43d63c4b61e97393a4d51f7e4479cb1f0322beee870364f39099db0b8f0,official_pdf_transcription,February 2026 final; Combined index 104.57.
MOSPI_CPI_NEW_BASE_MAR_2026,MoSPI,All India Combined General CPI base 2024=100,2026-03,https://mospi.gov.in/uploads/PressRelease/CPI%20Press%20Release%20of%20April%202026.pdf,source_archive/mospi/cpi_combined_2012_base_and_2024_base_2022-01_2026-03.csv,2026-09-30,f4afa43d63c4b61e97393a4d51f7e4479cb1f0322beee870364f39099db0b8f0,official_pdf_transcription,March 2026 final; Combined index 104.84.
NPCI_UPI_P2P_P2M_XLSX_2022_APR,NPCI,UPI P2P/P2M ecosystem selector monthly workbook,Apr 2022,https://www.npci.org.in/what-we-do/upi/product-statistics,data/assignment2/source_archive/npci_p2p_p2m_xlsx/Ecosystem-Statistics-UPI-P2p-and-p2m-transactions-2022-Apr.xlsx,2026-09-30,c89d64ae0fffd7c1795665848010a51762421c63cacf5b5973b8e2ffbd7d541b,copied_from_local_downloads,Original workbook preserved unchanged from the local Downloads folder; one-sheet workbook structure inspected. Partial month-level workbook coverage only; complete displayed table transcription retained separately.
NPCI_UPI_P2P_P2M_XLSX_2022_AUG,NPCI,UPI P2P/P2M ecosystem selector monthly workbook,Aug 2022,https://www.npci.org.in/what-we-do/upi/product-statistics,data/assignment2/source_archive/npci_p2p_p2m_xlsx/Ecosystem-Statistics-UPI-P2p-and-p2m-transactions-2022-Aug.xlsx,2026-09-30,e6f10150c52ed927e8a85791eb62a9c1bb7a6bd3a9d2c5dfc374ed94b2237d19,copied_from_local_downloads,Original workbook preserved unchanged from the local Downloads folder; one-sheet workbook structure inspected. Partial month-level workbook coverage only; complete displayed table transcription retained separately.
NPCI_UPI_P2P_P2M_XLSX_2022_JAN,NPCI,UPI P2P/P2M ecosystem selector monthly workbook,Jan 2022,https://www.npci.org.in/what-we-do/upi/product-statistics,data/assignment2/source_archive/npci_p2p_p2m_xlsx/Ecosystem-Statistics-UPI-P2p-and-p2m-transactions-2022-Jan.xlsx,2026-09-30,5a06c62ad3bfecf3b09d27e285bb59f9fe3302dc5743218840358480d32d81b4,copied_from_local_downloads,Original workbook preserved unchanged from the local Downloads folder; one-sheet workbook structure inspected. Partial month-level workbook coverage only; complete displayed table transcription retained separately.
NPCI_UPI_P2P_P2M_XLSX_2022_MAY,NPCI,UPI P2P/P2M ecosystem selector monthly workbook,May 2022,https://www.npci.org.in/what-we-do/upi/product-statistics,data/assignment2/source_archive/npci_p2p_p2m_xlsx/Ecosystem-Statistics-UPI-P2p-and-p2m-transactions-2022-May.xlsx,2026-09-30,5bf649d45ca1d1fea0b266b62a415a9d107971d4c43b2829484562d5d387767a,copied_from_local_downloads,Original workbook preserved unchanged from the local Downloads folder; one-sheet workbook structure inspected. Partial month-level workbook coverage only; complete displayed table transcription retained separately.
NPCI_UPI_P2P_P2M_XLSX_2023_JUL,NPCI,UPI P2P/P2M ecosystem selector monthly workbook,Jul 2023,https://www.npci.org.in/what-we-do/upi/product-statistics,data/assignment2/source_archive/npci_p2p_p2m_xlsx/Ecosystem-Statistics-UPI-P2p-and-p2m-transactions-2023-Jul.xlsx,2026-09-30,7c218796bfce83f1e2215a1c1f826421063b8b0ffbdccb608dc61241a80595e0,copied_from_local_downloads,Original workbook preserved unchanged from the local Downloads folder; one-sheet workbook structure inspected. Partial month-level workbook coverage only; complete displayed table transcription retained separately.
NPCI_UPI_P2P_P2M_XLSX_2025_JAN,NPCI,UPI P2P/P2M ecosystem selector monthly workbook,Jan 2025,https://www.npci.org.in/what-we-do/upi/product-statistics,data/assignment2/source_archive/npci_p2p_p2m_xlsx/Ecosystem-Statistics-UPI-P2p-and-p2m-transactions-2025-Jan.xlsx,2026-09-30,e0133996c0a8b6e4112047e0de5e0cef4657aedcf59ca604403b9ecf3510904e,copied_from_local_downloads,Original workbook preserved unchanged from the local Downloads folder; one-sheet workbook structure inspected. Partial month-level workbook coverage only; complete displayed table transcription retained separately.
RBI_PSI_INFRASTRUCTURE_OWN_MONTH_PANEL,RBI,Payment System Indicators - payment infrastructure,2022-01 to 2026-03,https://www.rbi.org.in/Scripts/PSIUserView.aspx?Id=58,data/assignment2/source_archive/rbi/rbi_psi_infrastructure_own_release_extract_2022-01_2026-03.csv,2026-10-09,4f1e328898ba093e722f73aca263301ee55b96ad45e81fcde59ab6695edea567,extracted_from_official_release_pages,"51 own-month Part III observations in lakh; each row records its RBI release URL, local HTML file, and SHA-256 of the HTML response. Raw HTML is archived under source_archive/rbi/html/."
MOSPI_CPI_PRESS_RELEASE_DEC_2025_PDF,MoSPI,CPI press release for December 2025 (Annexure VI: Combined CPI base 2012 time series),2013-01 to 2025-12,https://mospi.gov.in/uploads/latestReleases/latest_release_1768213461321_53cd35fd-1bbc-4b43-b92d-8fb67474ee74_Press_Release_of_CPI_for_December_2025.pdf,data/assignment2/source_archive/mospi/MoSPI_CPI_Press_Release_December_2025.pdf,2026-10-10,e00e487b37b100055014a59929d3ecff13e461c13d009b022e0402c23d05c61e,downloaded,Original PDF; same URL as the existing CPI rows.
MOSPI_CPI_ANNEXURE_VI_2013_2025,MoSPI,"All India Combined General CPI, base 2012=100, monthly",2013-01 to 2025-12,https://mospi.gov.in/uploads/latestReleases/latest_release_1768213461321_53cd35fd-1bbc-4b43-b92d-8fb67474ee74_Press_Release_of_CPI_for_December_2025.pdf,data/assignment2/source_archive/mospi/cpi_combined_2012_base_annexure_vi_2013-01_2025-12.csv,2026-10-10,159b933dd603c2c6c6998b5b0241a5020a6740c4ab0ce347ceef0ee9b3794f96,official_pdf_transcription,"Annexure VI year x month table transcribed from the archived PDF; 2022-2025 rows match the existing CPI extract exactly. Feeds by_year/2014-2021 mospi_cpi_combined_monthly.csv (linked with 0.5267)."
RBI_PSI_RELEASE_PAGES_2021,RBI,Payment System Indicators monthly release pages,2021-06 to 2021-12,https://www.rbi.org.in/Scripts/PSIUserView.aspx?Id=1,data/assignment2/source_archive/rbi/html/SHA256SUMS_2021,2026-10-10,9c2ba8bf8de589f0e9d0d98e9bf056ea184fc01be788ff73e9d3e0747f940b67,downloaded,"Seven original HTML pages (Id 1-7), first months of RBI's consistently classified card series; per-file SHA-256 in SHA256SUMS_2021 (hash shown is of that listing). Parsed by scripts/import_card_history.py into by_year/2021 card/PPI and infrastructure CSVs."
RBI_PSI_CARD_HISTORY_EXTRACT_2020_2022,RBI,Payment System Indicators - card and PPI rows (own month and same month last year),2020-06 to 2022-05,https://www.rbi.org.in/Scripts/PSIUserView.aspx?Id=1,data/assignment2/source_archive/rbi/rbi_psi_card_history_extract_2020-06_2022-05.csv,2026-10-10,bdcfc725e3705442a660851fd9230c588b8f80d97a9c64704d24d3a51b84c63c,extracted_from_official_release_pages,"Machine-parsed from PSI pages Id 1-12; the parser reproduces the transcribed Jan-May 2022 rows exactly. Prior-year column (Jun 2020 - May 2021) is used only to check the long-series splice out of sample."
RBI_BANKWISE_ATM_POS_CARD_HTML_2014_2026,RBI,Bank-wise ATM/PoS/Card statistics monthly pages,2014-06 to 2026-03,https://www.rbi.org.in/Scripts/ATMView.aspx?atmid=40,data/assignment2/source_archive/rbi/bankwise_html/SHA256SUMS,2026-10-10,e1f0b3aeea29ea6781104275e36d6ebf15ca360d54f6c706e2538d02a3778f1b,downloaded,"142 original HTML pages (atmid 40-181); per-file SHA-256 in SHA256SUMS (hash shown is of that listing). Older-layout pages (Jun 2014 - Feb 2022) feed by_year rbi_bankwise_card_totals.csv; values in Rs million to Jun 2019 and Rs lakh from May 2020, unlabelled pages scaled like neighbours."
NPCI_UPI_P2P_P2M_API_2020_2026,NPCI,UPI P2P/P2M ecosystem statistics (API responses),2020-04 to 2026-03,https://www.npci.org.in/product/ecosystem-statistics/upi,data/assignment2/source_archive/npci/ecosystem_api/p2p-and-p2m-transactions/SHA256SUMS,2026-10-10,181a6e58d774934e5d82b689fd964ff0796ee56ed8e9563f49685677bc11f84b,downloaded_via_headless_browser,"72 monthly JSON responses; the API returns no data before Apr 2020. 2022+ values equal the transcribed table exactly; Apr 2020 - Dec 2021 feed by_year/2020-2021 npci_upi_p2p_p2m_transactions.csv."
