month,member_banks,volume_mn,value_crore,source_file,source_url
2023-01,694,474.51,477592.02,Product-Statistics-IMPS-Product-statistics-imps-2022-23-Monthly.xlsx,https://www.npci.org.in/product/imps/product-statistics
2023-02,706,447.82,468647.1,Product-Statistics-IMPS-Product-statistics-imps-2022-23-Monthly.xlsx,https://www.npci.org.in/product/imps/product-statistics
2023-03,713,497.06,546235.62,Product-Statistics-IMPS-Product-statistics-imps-2022-23-Monthly.xlsx,https://www.npci.org.in/product/imps/product-statistics
2023-04,717,495.8,521050.26,Product-Statistics-IMPS-Product-statistics-imps-2023-24-Monthly.xlsx,https://www.npci.org.in/product/imps/product-statistics
2023-05,749,499.98,525810.13,Product-Statistics-IMPS-Product-statistics-imps-2023-24-Monthly.xlsx,https://www.npci.org.in/product/imps/product-statistics
2023-06,777,468.1,500481.23,Product-Statistics-IMPS-Product-statistics-imps-2023-24-Monthly.xlsx,https://www.npci.org.in/product/imps/product-statistics
2023-07,788,489.71,512311.87,Product-Statistics-IMPS-Product-statistics-imps-2023-24-Monthly.xlsx,https://www.npci.org.in/product/imps/product-statistics
2023-08,797,489.16,514279.53,Product-Statistics-IMPS-Product-statistics-imps-2023-24-Monthly.xlsx,https://www.npci.org.in/product/imps/product-statistics
2023-09,807,472.9,507497.22,Product-Statistics-IMPS-Product-statistics-imps-2023-24-Monthly.xlsx,https://www.npci.org.in/product/imps/product-statistics
2023-10,816,492.88,538238.51,Product-Statistics-IMPS-Product-statistics-imps-2023-24-Monthly.xlsx,https://www.npci.org.in/product/imps/product-statistics
2023-11,821,472.38,535001.69,Product-Statistics-IMPS-Product-statistics-imps-2023-24-Monthly.xlsx,https://www.npci.org.in/product/imps/product-statistics
2023-12,827,498.79,570126.05,Product-Statistics-IMPS-Product-statistics-imps-2023-24-Monthly.xlsx,https://www.npci.org.in/product/imps/product-statistics
