month,bank,volume_mn,value_crore
2022-01,AIRTEL PAYMENTS BANK,53.67,6117.17
2022-01,ANDHRA PRADESH GRAMEENA BANK,8.38,1489.73
2022-01,ANDHRA PRAGATHI GRAMEENA BANK,5.33,937.6
2022-01,AU SMALL FINANCE BANK,9.59,2243.1
2022-01,AXIS BANK,232.12,45479.12
2022-01,BANDHAN BANK,17.1,3823.4
2022-01,BANK OF BARODA,275.57,43135.05
2022-01,BANK OF INDIA,159.59,26041.48
2022-01,BANK OF MAHARASHTRA,56.3,6376.66
2022-01,BARODA RAJASTHAN KSHETRIYA GRAMIN BANK,5.05,673.77
2022-01,CANARA BANK,190.78,31508.49
2022-01,CENTRAL BANK OF INDIA,86.11,12803.45
2022-01,CITIBANK,13.4,3066.52
2022-01,CITY UNION BANK,12.96,2915.96
2022-01,DBS BANK INDIA,12.22,1477.18
2022-01,EQUITAS SMALL FINANCE BANK,11.29,1262.4
2022-01,ESAF SMALL FINANCE BANK,5.74,803.04
2022-01,FEDERAL BANK,58.48,9069.82
2022-01,FINO PAYMENTS BANK,18.3,1085.42
2022-01,HDFC BANK,382.23,91130.09
2022-01,ICICI BANK,260.64,54543.89
2022-01,IDBI BANK,62.96,12286.07
2022-01,IDFC FIRST BANK,25.56,3997.69
2022-01,INDIA POST PAYMENTS BANK,35.5,1901.84
2022-01,INDIAN BANK,102.31,15571.84
2022-01,INDIAN OVERSEAS BANK,52.77,8703.18
2022-01,INDUSIND BANK,36.06,8069.87
2022-01,JAMMU AND KASHMIR BANK,8.74,1076.28
2022-01,KARNATAKA BANK,38.52,6115.89
2022-01,KARNATAKA GRAMEENA BANK,8.93,1361.48
2022-01,KARNATAKA GRAMEENA BANK,4.38,564.51
2022-01,KARUR VYSYA BANK,24.94,6065.18
2022-01,KERALA GRAMIN BANK,6.26,966.34
2022-01,KOTAK MAHINDRA BANK,175.71,23210.33
2022-01,MAHARASHTRA GRAMIN BANK,8.64,868.28
2022-01,OTHERS,85.73,13744.71
2022-01,PAYTM PAYMENTS BANK,249.03,29655.18
2022-01,PUNJAB AND SIND BANK,8.51,1137.43
2022-01,PUNJAB NATIONAL BANK,197.45,35581.92
2022-01,RAJASTHAN GRAMIN BANK,5.72,929.35
2022-01,RBL BANK,5.57,1011.95
2022-01,SARASWAT OPERATIVE BANK,9.67,1383.17
2022-01,SARVA HARYANA GRAMIN BANK,5.01,690.94
2022-01,SOUTH INDIAN BANK,17.88,3482.56
2022-01,STANDARD CHARTERED,11.56,2199.17
2022-01,STATE BANK OF INDIA,1184.6,242300.74
2022-01,TAMILNAD MERCANTILE BANK,9.64,1888.73
2022-01,TOTAL,4617.15,831993.11
2022-01,UCO BANK,44.58,6446.88
2022-01,UJJIVAN SMALL FINANCE BANK,10.72,1535.8
2022-01,UNION BANK OF INDIA,259.09,44072.17
2022-01,YES BANK,46.26,9190.29
2022-02,AIRTEL PAYMENTS BANK,52.87,5434.37
2022-02,ANDHRA PRADESH GRAMEENA BANK,8.45,1424.26
2022-02,ANDHRA PRAGATHI GRAMEENA BANK,5.15,919.23
2022-02,AU SMALL FINANCE BANK,9.81,2345.09
2022-02,AXIS BANK,236.76,45695.99
2022-02,BANDHAN BANK,17.1,3896.04
2022-02,BANK OF BARODA,272.52,43888.01
2022-02,BANK OF INDIA,154.5,25908.97
2022-02,BANK OF MAHARASHTRA,54.75,6329.03
2022-02,BARODA RAJASTHAN KSHETRIYA GRAMIN BANK,4.81,664.63
2022-02,CANARA BANK,190.18,31811.2
2022-02,CENTRAL BANK OF INDIA,83.87,12720.51
2022-02,CITIBANK,12.95,2884.55
2022-02,CITY UNION BANK,13.17,3019.79
2022-02,DBS BANK INDIA,15.6,1432.55
2022-02,EQUITAS SMALL FINANCE BANK,11.63,1328.82
2022-02,ESAF SMALL FINANCE BANK,5.67,805.33
2022-02,FEDERAL BANK,61.1,9279.7
2022-02,FINO PAYMENTS BANK,19.33,1201.34
2022-02,HDFC BANK,378.96,90476.75
2022-02,ICICI BANK,245.14,52083.33
2022-02,IDBI BANK,61.72,12443.83
2022-02,IDFC FIRST BANK,24.92,4021.45
2022-02,INDIA POST PAYMENTS BANK,37.52,1954.64
2022-02,INDIAN BANK,99.73,15633.89
2022-02,INDIAN OVERSEAS BANK,52.49,8813.47
2022-02,INDUSIND BANK,36.36,8420.01
2022-02,JAMMU AND KASHMIR BANK,8.66,1110.71
2022-02,KARNATAKA BANK,39.02,6259.57
2022-02,KARNATAKA GRAMEENA BANK,8.93,1385.99
2022-02,KARNATAKA VIKAS GRAMEENA BANK,4.23,554.66
2022-02,KARUR VYSYA BANK,24.66,6162.15
2022-02,KERALA GRAMIN BANK,6.11,946.17
2022-02,KOTAK MAHINDRA BANK,173.77,23447.59
2022-02,MAHARASHTRA GRAMIN BANK,7.95,820.68
2022-02,OTHERS,84.43,14491.39
2022-02,PAYTM PAYMENTS BANK,250.64,30591.85
2022-02,PUNJAB AND SIND BANK,8.08,1111.65
2022-02,PUNJAB NATIONAL BANK,192.56,36269.59
2022-02,RAJASTHAN GRAMIN BANK,5.82,954.68
2022-02,RBL BANK,5.57,1007.05
2022-02,SARASWAT OPERATIVE BANK,9.23,1333.26
2022-02,SARVA HARYANA GRAMIN BANK,4.99,700.97
2022-02,SOUTH INDIAN BANK,17.7,3390.72
2022-02,STANDARD CHARTERED,11.5,2161.38
2022-02,STATE BANK OF INDIA,1126.43,235589.55
2022-02,TAMILNAD MERCANTILE BANK,9.84,1968.51
2022-02,TOTAL,4527.49,826843.0
2022-02,UCO BANK,44.78,6637.61
2022-02,UJJIVAN SMALL FINANCE BANK,10.48,1537.26
2022-02,UNION BANK OF INDIA,253.98,43619.15
2022-02,YES BANK,51.07,9954.08
2022-03,AIRTEL PAYMENTS BANK,65.16,6881.13
2022-03,ANDHRA PRADESH GRAMEENA BANK,10.07,1568.44
2022-03,ANDHRA PRAGATHI GRAMEENA BANK,6.03,1069.2
2022-03,AU SMALL FINANCE BANK,11.94,2759.32
2022-03,AXIS BANK,280.27,52969.71
2022-03,BANDHAN BANK,19.76,4548.14
2022-03,BANK OF BARODA,324.51,51482.34
2022-03,BANK OF INDIA,185.02,30217.42
2022-03,BANK OF MAHARASHTRA,64.8,7682.06
2022-03,BARODA RAJASTHAN KSHETRIYA GRAMIN BANK,5.02,665.05
2022-03,CANARA BANK,225.01,35961.87
2022-03,CENTRAL BANK OF INDIA,98.32,14462.57
2022-03,CITIBANK,15.04,3230.67
2022-03,CITY UNION BANK,15.2,3430.79
2022-03,DBS BANK INDIA,17.81,1598.62
2022-03,EQUITAS SMALL FINANCE BANK,13.4,1504.0
2022-03,ESAF SMALL FINANCE BANK,6.82,959.87
2022-03,FEDERAL BANK,74.94,10944.68
2022-03,FINO PAYMENTS BANK,24.04,1459.65
2022-03,HDFC BANK,450.06,104180.93
2022-03,ICICI BANK,277.94,56275.46
2022-03,IDBI BANK,72.51,14446.65
2022-03,IDFC FIRST BANK,29.58,4628.22
2022-03,INDIA POST PAYMENTS BANK,49.14,2488.49
2022-03,INDIAN BANK,117.65,17965.24
2022-03,INDIAN OVERSEAS BANK,62.34,10205.57
2022-03,INDUSIND BANK,42.45,10400.34
2022-03,JAMMU AND KASHMIR BANK,10.53,1360.28
2022-03,KARNATAKA BANK,46.72,7335.36
2022-03,KARNATAKA GRAMEENA BANK,10.75,1645.91
2022-03,KARUR VYSYA BANK,29.24,7114.76
2022-03,KERALA GRAMIN BANK,7.22,1120.54
2022-03,KOTAK MAHINDRA BANK,208.62,27304.66
2022-03,MAHARASHTRA GRAMIN BANK,9.98,1011.59
2022-03,OTHERS,117.76,21695.83
2022-03,PAYTM PAYMENTS BANK,299.32,35718.23
2022-03,PUNJAB AND SIND BANK,10.94,1436.21
2022-03,PUNJAB NATIONAL BANK,230.68,42261.79
2022-03,RAJASTHAN GRAMIN BANK,6.27,1001.23
2022-03,RBL BANK,6.17,1127.98
2022-03,SARASWAT OPERATIVE BANK,10.93,1549.58
2022-03,SARVA HARYANA GRAMIN BANK,6.1,812.14
2022-03,SOUTH INDIAN BANK,21.15,4009.52
2022-03,STANDARD CHARTERED BANK,13.79,2500.97
2022-03,STATE BANK OF INDIA,1363.71,272916.8
2022-03,TAMILNAD MERCANTILE BANK,11.91,2330.95
2022-03,TOTAL,5405.65,960581.66
2022-03,UCO BANK,53.04,7669.28
2022-03,UJJIVAN SMALL FINANCE BANK,12.73,1831.62
2022-03,UNION BANK OF INDIA,295.68,50248.42
2022-03,YES BANK,57.58,12591.58
2022-04,AIRTEL PAYMENTS BANK,67.51,5728.43
2022-04,ANDHRA PRADESH GRAMEENA BANK,10.44,1639.79
2022-04,ANDHRA PRADESH GRAMEENA BANK,5.93,1071.59
2022-04,AU SMALL FINANCE BANK,12.55,2871.48
2022-04,AXIS BANK,285.44,53463.83
2022-04,BANDHAN BANK,20.58,4700.01
2022-04,BANK OF BARODA,336.14,53054.17
2022-04,BANK OF INDIA,190.77,30719.93
2022-04,BANK OF MAHARASHTRA,66.51,7939.17
2022-04,BARODA RAJASTHAN KSHETRIYA GRAMIN BANK,5.31,716.38
2022-04,CANARA BANK,229.35,36505.75
2022-04,CENTRAL BANK OF INDIA,100.87,15135.08
2022-04,CITIBANK,15.72,3310.23
2022-04,CITY UNION BANK,15.6,3372.04
2022-04,DBS BANK INDIA,14.27,1736.09
2022-04,EQUITAS SMALL FINANCE BANK,14.29,1559.73
2022-04,ESAF SMALL FINANCE BANK,6.91,985.31
2022-04,FEDERAL BANK,78.99,11421.57
2022-04,FINO PAYMENTS BANK,26.18,1577.34
2022-04,HDFC BANK,466.99,106036.17
2022-04,ICICI BANK,306.41,61294.15
2022-04,IDBI BANK,74.05,14751.06
2022-04,IDFC FIRST BANK,30.41,4753.45
2022-04,INDIA POST PAYMENTS BANK,53.99,2749.86
2022-04,INDIAN BANK,127.62,19112.1
2022-04,INDIAN OVERSEAS BANK,65.33,10456.7
2022-04,INDUSIND BANK,44.81,11052.75
2022-04,JAMMU AND KASHMIR BANK,11.42,1490.56
2022-04,KARNATAKA BANK,46.4,7341.38
2022-04,KARNATAKA GRAMEENA BANK,11.17,1711.92
2022-04,KARUR VYSYA BANK,30.35,7183.75
2022-04,KERALA GRAMIN BANK,7.23,1138.2
2022-04,KOTAK MAHINDRA BANK,213.33,28310.03
2022-04,MAHARASHTRA GRAMIN BANK,10.03,1031.3
2022-04,OTHERS,110.38,17062.3
2022-04,PAYTM PAYMENTS BANK,302.06,36388.62
2022-04,PUNJAB AND SIND BANK,11.45,1561.46
2022-04,PUNJAB NATIONAL BANK,243.05,44829.92
2022-04,RAJASTHAN GRAMIN BANK,6.14,965.43
2022-04,RBL BANK,6.15,1124.99
2022-04,SARASWAT OPERATIVE BANK,11.2,1574.63
2022-04,SARVA HARYANA GRAMIN BANK,6.26,840.78
2022-04,SOUTH INDIAN BANK,21.23,4065.95
2022-04,STANDARD CHARTERED BANK,14.4,2547.42
2022-04,STATE BANK OF INDIA,1390.93,277406.23
2022-04,TAMILNAD MERCANTILE BANK,12.58,2366.22
2022-04,TOTAL,5583.05,983302.27
2022-04,UCO BANK,57.13,8076.72
2022-04,UJJIVAN SMALL FINANCE BANK,13.17,1877.47
2022-04,UNION BANK OF INDIA,316.76,52496.12
2022-04,YES BANK,57.26,14196.73
2022-05,AIRTEL PAYMENTS BANK,74.95,6098.68
2022-05,ANDHRA PRADESH GRAMEENA BANK,10.71,1747.51
2022-05,ANDHRA PRADESH GRAMEENA BANK,6.47,1127.17
2022-05,AU SMALL FINANCE BANK,13.61,3042.81
2022-05,AXIS BANK,302.08,57789.25
2022-05,BANDHAN BANK,21.55,4808.65
2022-05,BANK OF BARODA,359.6,56163.56
2022-05,BANK OF INDIA,203.82,32291.28
2022-05,BANK OF MAHARASHTRA,70.93,8692.37
2022-05,BARODA RAJASTHAN KSHETRIYA GRAMIN BANK,5.4,725.94
2022-05,CANARA BANK,236.64,37406.09
2022-05,CENTRAL BANK OF INDIA,105.44,15998.89
2022-05,CITIBANK,16.17,3459.64
2022-05,CITY UNION BANK,17.02,3613.33
2022-05,DBS BANK INDIA,15.35,1885.15
2022-05,EQUITAS SMALL FINANCE BANK,15.79,1683.98
2022-05,ESAF SMALL FINANCE BANK,7.47,1031.77
2022-05,FEDERAL BANK,87.68,12226.37
2022-05,FINO PAYMENTS BANK,28.99,1759.67
2022-05,HDFC BANK,501.18,113551.47
2022-05,ICICI BANK,324.46,66341.87
2022-05,IDBI BANK,78.82,15618.24
2022-05,IDFC FIRST BANK,33.88,5082.88
2022-05,INDIA POST PAYMENTS BANK,59.95,3033.72
2022-05,INDIAN BANK,139.25,20452.35
2022-05,INDIAN OVERSEAS BANK,71.59,11301.84
2022-05,INDUSIND BANK,47.45,10581.28
2022-05,JAMMU AND KASHMIR BANK,13.17,1634.3
2022-05,KARNATAKA BANK,48.03,7605.57
2022-05,KARNATAKA GRAMEENA BANK,11.75,1795.58
2022-05,KARUR VYSYA BANK,32.35,7641.96
2022-05,KERALA GRAMIN BANK,7.63,1155.58
2022-05,KOTAK MAHINDRA BANK,229.01,30315.52
2022-05,MAHARASHTRA GRAMIN BANK,10.46,1108.15
2022-05,OTHERS,119.61,18374.64
2022-05,PAYTM PAYMENTS BANK,309.72,38636.08
2022-05,PUNJAB AND SIND BANK,12.96,1744.35
2022-05,PUNJAB NATIONAL BANK,258.49,46587.79
2022-05,RAJASTHAN GRAMIN BANK,7.03,1067.15
2022-05,RBL BANK,6.55,1205.9
2022-05,SARASWAT OPERATIVE BANK,11.61,1659.84
2022-05,SARVA HARYANA GRAMIN BANK,6.87,899.97
2022-05,SOUTH INDIAN BANK,22.39,4189.47
2022-05,STANDARD CHARTERED BANK,15.18,2685.48
2022-05,STATE BANK OF INDIA,1484.68,290863.96
2022-05,TAMILNAD MERCANTILE BANK,13.53,2522.79
2022-05,TOTAL,5955.2,1041520.07
2022-05,UCO BANK,61.19,8497.77
2022-05,UJJIVAN SMALL FINANCE BANK,13.88,1943.8
2022-05,UNION BANK OF INDIA,339.38,56010.96
2022-05,YES BANK,63.48,15857.73
2022-06,AIRTEL PAYMENTS BANK,78.74,6108.93
2022-06,ANDHRA PRADESH GRAMEENA BANK,9.59,1636.59
2022-06,ANDHRA PRADESH GRAMEENA BANK,6.52,1167.87
2022-06,AU SMALL FINANCE BANK,13.7,3019.72
2022-06,AXIS BANK,292.77,56273.44
2022-06,BANDHAN BANK,21.78,4797.56
2022-06,BANK OF BARODA,354.47,55133.48
2022-06,BANK OF INDIA,199.41,31473.13
2022-06,BANK OF MAHARASHTRA,69.22,8490.22
2022-06,BARODA RAJASTHAN KSHETRIYA GRAMIN BANK,5.34,711.88
2022-06,CANARA BANK,243.29,37594.36
2022-06,CENTRAL BANK OF INDIA,98.99,15113.93
2022-06,CITIBANK,15.82,3218.39
2022-06,CITY UNION BANK,17.02,3669.62
2022-06,DBS BANK INDIA,15.22,1868.67
2022-06,EQUITAS SMALL FINANCE BANK,15.72,1647.04
2022-06,ESAF SMALL FINANCE BANK,7.58,1047.71
2022-06,FEDERAL BANK,89.79,12351.37
2022-06,FINO PAYMENTS BANK,27.26,1298.45
2022-06,HDFC BANK,500.3,110851.08
2022-06,ICICI BANK,325.71,65053.97
2022-06,IDBI BANK,77.66,15245.0
2022-06,IDFC FIRST BANK,35.58,5029.27
2022-06,INDIA POST PAYMENTS BANK,52.39,2811.4
2022-06,INDIAN BANK,141.49,20778.11
2022-06,INDIAN OVERSEAS BANK,71.69,11434.79
2022-06,INDUSIND BANK,48.11,10576.57
2022-06,JAMMU AND KASHMIR BANK,11.9,1531.2
2022-06,KARNATAKA BANK,45.97,7218.73
2022-06,KARNATAKA GRAMEENA BANK,12.17,1818.1
2022-06,KARUR VYSYA BANK,31.47,7633.42
2022-06,KERALA GRAMIN BANK,7.86,1176.41
2022-06,KOTAK MAHINDRA BANK,235.89,30404.9
2022-06,MAHARASHTRA GRAMIN BANK,9.59,1041.88
2022-06,OTHERS,119.77,18262.31
2022-06,PAYTM PAYMENTS BANK,293.91,35703.86
2022-06,PUNJAB AND SIND BANK,13.07,1728.83
2022-06,PUNJAB NATIONAL BANK,255.44,45228.45
2022-06,RAJASTHAN GRAMIN BANK,6.73,1023.0
2022-06,RBL BANK,6.65,1203.42
2022-06,SARASWAT OPERATIVE BANK,11.47,1608.09
2022-06,SARVA HARYANA GRAMIN BANK,6.53,817.82
2022-06,SOUTH INDIAN BANK,22.78,4286.46
2022-06,STANDARD CHARTERED BANK,15.12,2593.91
2022-06,STATE BANK OF INDIA,1429.83,279578.3
2022-06,TAMILNAD MERCANTILE BANK,13.91,2614.29
2022-06,TOTAL,5862.75,1014384.31
2022-06,UCO BANK,61.44,8431.63
2022-06,UJJIVAN SMALL FINANCE BANK,13.04,1836.59
2022-06,UNION BANK OF INDIA,335.44,55082.91
2022-06,YES BANK,67.61,15157.29
2022-07,AIRTEL PAYMENTS BANK,88.51,6485.3
2022-07,ANDHRA PRADESH GRAMEENA BANK,10.35,1741.53
2022-07,ANDHRA PRADESH GRAMEENA BANK,7.17,1249.29
2022-07,AU SMALL FINANCE BANK,14.92,3179.84
2022-07,AXIS BANK,304.95,57746.39
2022-07,BANDHAN BANK,24.01,5073.55
2022-07,BANK OF BARODA,375.33,56695.17
2022-07,BANK OF INDIA,206.93,31488.29
2022-07,BANK OF MAHARASHTRA,72.18,8647.79
2022-07,BARODA RAJASTHAN KSHETRIYA GRAMIN BANK,5.71,736.42
2022-07,CANARA BANK,258.78,39170.39
2022-07,CENTRAL BANK OF INDIA,90.66,13910.13
2022-07,CITIBANK,16.84,3427.82
2022-07,CITY UNION BANK,17.99,3820.58
2022-07,DBS BANK INDIA,15.81,1979.04
2022-07,EQUITAS SMALL FINANCE BANK,17.3,1759.8
2022-07,ESAF SMALL FINANCE BANK,8.26,1100.4
2022-07,FEDERAL BANK,97.51,13148.57
2022-07,FINO PAYMENTS BANK,32.94,1624.96
2022-07,HDFC BANK,539.1,117163.35
2022-07,ICICI BANK,341.23,68841.46
2022-07,IDBI BANK,81.72,15620.14
2022-07,IDFC FIRST BANK,39.71,5369.73
2022-07,INDIA POST PAYMENTS BANK,67.0,3305.2
2022-07,INDIAN BANK,151.76,21724.89
2022-07,INDIAN OVERSEAS BANK,76.18,11889.86
2022-07,INDUSIND BANK,52.43,11186.25
2022-07,JAMMU AND KASHMIR BANK,13.2,1682.88
2022-07,KARNATAKA BANK,47.1,7169.0
2022-07,KARNATAKA GRAMEENA BANK,12.93,1835.81
2022-07,KARUR VYSYA BANK,33.66,7953.06
2022-07,KERALA GRAMIN BANK,8.36,1230.14
2022-07,KOTAK MAHINDRA BANK,249.01,31769.23
2022-07,MAHARASHTRA GRAMIN BANK,8.58,820.4
2022-07,OTHERS,128.25,18882.74
2022-07,PAYTM PAYMENTS BANK,302.39,37505.05
2022-07,PUNJAB AND SIND BANK,14.45,1872.42
2022-07,PUNJAB NATIONAL BANK,265.6,46400.46
2022-07,RAJASTHAN GRAMIN BANK,7.02,1039.15
2022-07,RBL BANK,7.17,1245.4
2022-07,SARASWAT OPERATIVE BANK,12.13,1646.47
2022-07,SARVA HARYANA GRAMIN BANK,7.1,869.03
2022-07,SOUTH INDIAN BANK,24.23,4489.76
2022-07,STANDARD CHARTERED BANK,15.82,2783.02
2022-07,STATE BANK OF INDIA,1573.37,295631.44
2022-07,TAMILNAD MERCANTILE BANK,14.68,2688.85
2022-07,TOTAL,6288.4,1062991.76
2022-07,UCO BANK,65.58,8752.58
2022-07,UJJIVAN SMALL FINANCE BANK,14.72,1957.01
2022-07,UNION BANK OF INDIA,360.21,57094.82
2022-07,YES BANK,87.57,19587.04
2022-08,AIRTEL PAYMENTS BANK,101.78,6960.76
2022-08,ANDHRA PRADESH GRAMEENA BANK,10.64,1603.41
2022-08,ANDHRA PRADESH GRAMEENA BANK,7.19,1209.2
2022-08,AU SMALL FINANCE BANK,16.16,3327.11
2022-08,AXIS BANK,314.21,57236.77
2022-08,BANDHAN BANK,24.89,5081.48
2022-08,BANK OF BARODA,402.45,58779.19
2022-08,BANK OF INDIA,216.74,31947.71
2022-08,BANK OF MAHARASHTRA,74.01,8774.6
2022-08,BARODA RAJASTHAN KSHETRIYA GRAMIN BANK,5.95,743.33
2022-08,CANARA BANK,271.83,40303.09
2022-08,CENTRAL BANK OF INDIA,93.24,13950.05
2022-08,CITIBANK,16.5,3225.85
2022-08,CITY UNION BANK,18.79,3932.65
2022-08,DBS BANK INDIA,16.06,2016.16
2022-08,EQUITAS SMALL FINANCE BANK,17.63,1776.31
2022-08,ESAF SMALL FINANCE BANK,8.8,1161.13
2022-08,FEDERAL BANK,102.23,13644.52
2022-08,FINO PAYMENTS BANK,36.31,1735.02
2022-08,HDFC BANK,555.38,117674.95
2022-08,ICICI BANK,356.42,67903.16
2022-08,IDBI BANK,84.49,15810.24
2022-08,IDFC FIRST BANK,43.77,5696.43
2022-08,INDIA POST PAYMENTS BANK,77.81,3720.0
2022-08,INDIAN BANK,157.22,22088.48
2022-08,INDIAN OVERSEAS BANK,80.63,12255.36
2022-08,INDUSIND BANK,55.25,11466.11
2022-08,JAMMU AND KASHMIR BANK,14.35,1729.99
2022-08,KARNATAKA BANK,50.74,7502.19
2022-08,KARNATAKA GRAMEENA BANK,12.88,1813.21
2022-08,KARUR VYSYA BANK,34.8,8086.78
2022-08,KERALA GRAMIN BANK,8.95,1327.53
2022-08,KOTAK MAHINDRA BANK,265.73,32955.02
2022-08,MAHARASHTRA GRAMIN BANK,10.29,1008.63
2022-08,OTHERS,135.77,19470.95
2022-08,PAYTM PAYMENTS BANK,307.98,37661.1
2022-08,PUNJAB AND SIND BANK,15.34,1941.56
2022-08,PUNJAB NATIONAL BANK,282.46,47644.03
2022-08,RAJASTHAN GRAMIN BANK,8.31,1137.71
2022-08,RBL BANK,7.73,1300.06
2022-08,SARASWAT OPERATIVE BANK,12.75,1694.11
2022-08,SARVA HARYANA GRAMIN BANK,7.7,912.33
2022-08,SOUTH INDIAN BANK,26.15,4763.41
2022-08,STANDARD CHARTERED BANK,16.14,2716.29
2022-08,STATE BANK OF INDIA,1636.84,293391.22
2022-08,TAMILNAD MERCANTILE BANK,15.06,2742.24
2022-08,TOTAL,6579.63,1072792.68
2022-08,UCO BANK,69.65,8986.19
2022-08,UJJIVAN SMALL FINANCE BANK,16.03,2083.84
2022-08,UNION BANK OF INDIA,371.51,57182.85
2022-08,YES BANK,86.12,20722.55
2022-09,AIRTEL PAYMENTS BANK,103.77,6759.99
2022-09,ANDHRA PRADESH GRAMEENA BANK,10.19,1556.91
2022-09,ANDHRA PRADESH GRAMEENA BANK,7.06,1190.6
2022-09,AU SMALL FINANCE BANK,16.88,3540.08
2022-09,AXIS BANK,328.92,60765.54
2022-09,BANDHAN BANK,24.61,5270.37
2022-09,BANK OF BARODA,418.55,62284.21
2022-09,BANK OF INDIA,223.3,33528.99
2022-09,BANK OF MAHARASHTRA,75.04,8895.72
2022-09,BARODA RAJASTHAN KSHETRIYA GRAMIN BANK,6.34,778.44
2022-09,CANARA BANK,277.84,42169.72
2022-09,CENTRAL BANK OF INDIA,98.16,14859.15
2022-09,CITIBANK,16.43,3254.82
2022-09,CITY UNION BANK,19.45,4075.22
2022-09,DBS BANK INDIA,15.65,2046.74
2022-09,EQUITAS SMALL FINANCE BANK,17.42,1816.75
2022-09,ESAF SMALL FINANCE BANK,8.63,1176.59
2022-09,FEDERAL BANK,104.78,13858.33
2022-09,FINO PAYMENTS BANK,38.43,1830.02
2022-09,HDFC BANK,576.35,123521.75
2022-09,ICICI BANK,348.09,68140.06
2022-09,IDBI BANK,86.72,16351.99
2022-09,IDFC FIRST BANK,45.2,5949.32
2022-09,INDIA POST PAYMENTS BANK,78.39,3824.2
2022-09,INDIAN BANK,160.8,22857.57
2022-09,INDIAN OVERSEAS BANK,83.11,12744.57
2022-09,INDUSIND BANK,57.4,11901.38
2022-09,JAMMU AND KASHMIR BANK,15.82,1877.7
2022-09,KARNATAKA BANK,52.21,7799.01
2022-09,KARNATAKA GRAMEENA BANK,12.82,1851.49
2022-09,KARUR VYSYA BANK,35.54,8282.64
2022-09,KERALA GRAMIN BANK,9.22,1360.97
2022-09,KOTAK MAHINDRA BANK,280.81,35130.47
2022-09,MAHARASHTRA GRAMIN BANK,9.69,992.98
2022-09,OTHERS,140.51,20179.53
2022-09,PAYTM PAYMENTS BANK,326.55,38707.76
2022-09,PUNJAB AND SIND BANK,15.91,2055.37
2022-09,PUNJAB NATIONAL BANK,292.79,50244.25
2022-09,RAJASTHAN GRAMIN BANK,8.71,1206.01
2022-09,RBL BANK,8.09,1378.65
2022-09,SARASWAT OPERATIVE BANK,12.77,1710.71
2022-09,SARVA HARYANA GRAMIN BANK,7.25,889.52
2022-09,SOUTH INDIAN BANK,26.86,4901.6
2022-09,STANDARD CHARTERED BANK,16.32,2793.51
2022-09,STATE BANK OF INDIA,1686.47,305694.07
2022-09,TAMILNAD MERCANTILE BANK,15.89,2911.28
2022-09,TOTAL,6780.8,1116438.1
2022-09,UCO BANK,71.93,9549.38
2022-09,UJJIVAN SMALL FINANCE BANK,16.27,2156.43
2022-09,UNION BANK OF INDIA,380.84,59145.32
2022-09,YES BANK,90.67,20716.49
2022-10,AIRTEL PAYMENTS BANK,109.28,7162.22
2022-10,ANDHRA PRADESH GRAMEENA BANK,11.7,1690.53
2022-10,ANDHRA PRADESH GRAMEENA BANK,7.41,1256.46
2022-10,AU SMALL FINANCE BANK,18.26,3900.9
2022-10,AXIS BANK,355.12,65407.72
2022-10,BANDHAN BANK,27.34,5605.09
2022-10,BANK OF BARODA,447.18,68410.19
2022-10,BANK OF INDIA,238.53,36404.84
2022-10,BANK OF MAHARASHTRA,82.43,10278.17
2022-10,CANARA BANK,301.93,46022.51
2022-10,CENTRAL BANK OF INDIA,103.41,16333.25
2022-10,CITIBANK,17.68,3478.22
2022-10,CITY UNION BANK,20.55,4300.77
2022-10,DBS BANK INDIA,16.28,2124.7
2022-10,EQUITAS SMALL FINANCE BANK,17.98,1943.89
2022-10,ESAF SMALL FINANCE BANK,9.72,1281.39
2022-10,FEDERAL BANK,112.56,14632.39
2022-10,FINO PAYMENTS BANK,44.87,2219.27
2022-10,HDFC BANK,623.62,134567.02
2022-10,ICICI BANK,380.2,76261.91
2022-10,IDBI BANK,92.74,17740.67
2022-10,IDFC FIRST BANK,50.64,6517.42
2022-10,INDIA POST PAYMENTS BANK,92.83,4736.37
2022-10,INDIAN BANK,173.1,24691.61
2022-10,INDIAN OVERSEAS BANK,88.39,13629.52
2022-10,INDUSIND BANK,62.86,12912.81
2022-10,JAMMU AND KASHMIR BANK,17.75,2107.12
2022-10,KARNATAKA BANK,54.44,8231.71
2022-10,KARNATAKA GRAMEENA BANK,13.16,1937.69
2022-10,KARUR VYSYA BANK,37.3,8560.29
2022-10,KERALA GRAMIN BANK,10.48,1486.33
2022-10,KOTAK MAHINDRA BANK,305.22,38495.8
2022-10,MAHARASHTRA GRAMIN BANK,10.52,1159.89
2022-10,OTHERS,154.58,22646.21
2022-10,PAYTM PAYMENTS BANK,347.93,41450.53
2022-10,PUNJAB AND SIND BANK,14.64,2006.98
2022-10,PUNJAB NATIONAL BANK,312.61,54722.76
2022-10,RAJASTHAN GRAMIN BANK,8.96,1314.33
2022-10,RBL BANK,8.96,1543.99
2022-10,SARASWAT OPERATIVE BANK,14.43,1973.77
2022-10,SARVA HARYANA GRAMIN BANK,7.99,1000.62
2022-10,SOUTH INDIAN BANK,28.65,5114.44
2022-10,STANDARD CHARTERED BANK,17.66,3042.36
2022-10,STATE BANK OF INDIA,1819.18,329819.88
2022-10,TAMILNAD MERCANTILE BANK,17.03,3100.23
2022-10,TOTAL,7305.42,1211582.51
2022-10,UCO BANK,76.24,10283.81
2022-10,UJJIVAN SMALL FINANCE BANK,17.62,2305.18
2022-10,UNION BANK OF INDIA,408.3,63710.15
2022-10,UTTAR PRADESH GRAMIN BANK,6.57,749.92
2022-10,YES BANK,89.84,21409.02
2022-11,AIRTEL PAYMENTS BANK,113.9,7386.7
2022-11,ANDHRA PRADESH GRAMEENA BANK,12.55,1854.97
2022-11,ANDHRA PRADESH GRAMEENA BANK,7.54,1213.43
2022-11,AU SMALL FINANCE BANK,18.21,3941.93
2022-11,AXIS BANK,369.12,63837.18
2022-11,BANDHAN BANK,28.04,5905.19
2022-11,BANK OF BARODA,445.41,67446.66
2022-11,BANK OF INDIA,237.13,35877.96
2022-11,BANK OF MAHARASHTRA,81.59,9803.43
2022-11,CANARA BANK,307.74,45698.14
2022-11,CENTRAL BANK OF INDIA,103.7,16439.3
2022-11,CITIBANK,17.0,3234.11
2022-11,CITY UNION BANK,20.89,4172.27
2022-11,DBS BANK INDIA,16.49,2116.03
2022-11,EQUITAS SMALL FINANCE BANK,18.58,1977.39
2022-11,ESAF SMALL FINANCE BANK,10.11,1322.38
2022-11,FEDERAL BANK,114.69,14478.32
2022-11,FINO PAYMENTS BANK,44.24,2137.8
2022-11,HDFC BANK,615.11,131450.23
2022-11,ICICI BANK,374.66,73909.09
2022-11,IDBI BANK,90.14,17120.56
2022-11,IDFC FIRST BANK,50.37,6277.08
2022-11,INDIA POST PAYMENTS BANK,99.26,4842.07
2022-11,INDIAN BANK,176.53,24509.97
2022-11,INDIAN OVERSEAS BANK,89.67,13346.69
2022-11,INDUSIND BANK,62.77,12596.77
2022-11,JAMMU AND KASHMIR BANK,18.85,2103.96
2022-11,KARNATAKA BANK,53.93,8155.83
2022-11,KARNATAKA GRAMEENA BANK,13.21,1965.19
2022-11,KARUR VYSYA BANK,37.26,8367.84
2022-11,KERALA GRAMIN BANK,11.33,1538.55
2022-11,KOTAK MAHINDRA BANK,308.35,37980.18
2022-11,MAHARASHTRA GRAMIN BANK,10.04,1077.9
2022-11,OTHERS,155.11,22339.12
2022-11,PAYTM PAYMENTS BANK,349.49,40265.12
2022-11,PUNJAB AND SIND BANK,16.05,2193.54
2022-11,PUNJAB NATIONAL BANK,303.66,53934.01
2022-11,RAJASTHAN GRAMIN BANK,9.2,1358.27
2022-11,RBL BANK,8.81,1524.0
2022-11,SARASWAT OPERATIVE BANK,14.0,1856.15
2022-11,SARVA HARYANA GRAMIN BANK,7.93,1022.3
2022-11,SOUTH INDIAN BANK,29.52,5117.98
2022-11,STANDARD CHARTERED BANK,17.6,2875.52
2022-11,STATE BANK OF INDIA,1811.8,323682.08
2022-11,TAMILNAD MERCANTILE BANK,17.21,3003.82
2022-11,TOTAL,7309.45,1190593.39
2022-11,UCO BANK,76.68,10245.77
2022-11,UJJIVAN SMALL FINANCE BANK,17.87,2341.09
2022-11,UNION BANK OF INDIA,413.59,63982.15
2022-11,UTTAR PRADESH GRAMIN BANK,6.49,750.67
2022-11,YES BANK,77.44,20127.41
2022-12,AIRTEL PAYMENTS BANK,130.88,8524.46
2022-12,ANDHRA PRADESH GRAMEENA BANK,14.36,2340.04
2022-12,ANDHRA PRADESH GRAMEENA BANK,8.45,1363.55
2022-12,AU SMALL FINANCE BANK,19.79,4249.63
2022-12,AXIS BANK,379.61,68525.41
2022-12,BANDHAN BANK,30.28,6299.72
2022-12,BANK OF BARODA,453.02,69891.94
2022-12,BANK OF INDIA,255.2,38412.82
2022-12,BANK OF MAHARASHTRA,86.69,10457.32
2022-12,BARODA RAJASTHAN KSHETRIYA GRAMIN BANK,6.56,877.44
2022-12,CANARA BANK,334.5,49423.36
2022-12,CENTRAL BANK OF INDIA,113.73,17939.95
2022-12,CITIBANK,18.24,3536.78
2022-12,CITY UNION BANK,22.59,4492.56
2022-12,DBS BANK INDIA,18.82,2607.0
2022-12,EQUITAS SMALL FINANCE BANK,20.02,2167.53
2022-12,ESAF SMALL FINANCE BANK,10.92,1439.39
2022-12,FEDERAL BANK,122.97,15762.57
2022-12,FINO PAYMENTS BANK,48.25,2338.6
2022-12,HDFC BANK,658.76,140573.13
2022-12,ICICI BANK,405.89,81109.39
2022-12,IDBI BANK,97.28,18445.75
2022-12,IDFC FIRST BANK,61.36,7740.79
2022-12,INDIA POST PAYMENTS BANK,102.95,5088.69
2022-12,INDIAN BANK,192.36,26772.14
2022-12,INDIAN OVERSEAS BANK,94.99,14337.88
2022-12,INDUSIND BANK,67.5,13318.02
2022-12,JAMMU AND KASHMIR BANK,19.86,2254.51
2022-12,KARNATAKA BANK,61.31,9080.94
2022-12,KARNATAKA GRAMEENA BANK,13.85,2108.85
2022-12,KARUR VYSYA BANK,39.9,9003.72
2022-12,KERALA GRAMIN BANK,12.34,1690.81
2022-12,KOTAK MAHINDRA BANK,330.35,40944.0
2022-12,MAHARASHTRA GRAMIN BANK,11.87,1269.25
2022-12,OTHERS,168.09,24302.39
2022-12,PAYTM PAYMENTS BANK,370.89,43097.67
2022-12,PUNJAB AND SIND BANK,16.83,2323.52
2022-12,PUNJAB NATIONAL BANK,331.53,58482.57
2022-12,RAJASTHAN GRAMIN BANK,10.08,1480.23
2022-12,RBL BANK,9.07,1523.67
2022-12,SARASWAT OPERATIVE BANK,15.11,1993.22
2022-12,SARVA HARYANA GRAMIN BANK,8.45,1103.3
2022-12,SOUTH INDIAN BANK,31.63,5567.15
2022-12,STANDARD CHARTERED BANK,18.89,3168.43
2022-12,STATE BANK OF INDIA,1942.64,349093.29
2022-12,TAMILNAD MERCANTILE BANK,18.95,3290.02
2022-12,TOTAL,7829.49,1282055.01
2022-12,UCO BANK,83.49,11140.03
2022-12,UJJIVAN SMALL FINANCE BANK,19.26,2538.65
2022-12,UNION BANK OF INDIA,447.61,69622.32
2022-12,YES BANK,73.0,19061.51
