month,state,volume_mn,value_crore
2026-01,ANDAMAN AND NICOBAR ISLANDS,4.69,766.8
2026-01,ANDHRA PRADESH,628.21,108045.08
2026-01,ARUNACHAL PRADESH,21.62,2929.79
2026-01,ASSAM,225.91,25109.2
2026-01,BIHAR,457.93,66830.36
2026-01,CHANDIGARH,26.97,3590.15
2026-01,CHHATTISGARH,148.11,19980.27
2026-01,DADRA AND NAGAR HAVELI AND DAMAN AND DIU,11.55,1277.67
2026-01,DELHI,513.35,68286.14
2026-01,GOA,40.35,6064.79
2026-01,GUJARAT,568.86,88272.48
2026-01,HARYANA,413.35,61236.56
2026-01,HIMACHAL PRADESH,60.3,8159.92
2026-01,JAMMU AND KASHMIR,83.76,11368.46
2026-01,JHARKHAND,188.64,25461.44
2026-01,KARNATAKA,1165.05,164652.55
2026-01,KERALA,460.69,64883.42
2026-01,LADAKH,2.79,495.82
2026-01,LAKSHADWEEP,0.71,78.77
2026-01,MADHYA PRADESH,475.09,65429.2
2026-01,MAHARASHTRA,2271.25,267028.17
2026-01,MANIPUR,16.89,3378.44
2026-01,MEGHALAYA,15.75,2068.07
2026-01,MIZORAM,13.04,1900.16
2026-01,NAGALAND,12.33,1929.86
2026-01,ODISHA,311.05,41468.18
2026-01,PUDUCHERRY,20.72,2922.9
2026-01,PUNJAB,223.53,40470.97
2026-01,RAJASTHAN,559.76,85532.43
2026-01,SIKKIM,9.08,1232.64
2026-01,TAMIL NADU,859.4,132611.23
2026-01,TELANGANA,870.99,139218.72
2026-01,TRIPURA,16.67,2279.56
2026-01,UNCLASSIFIED,9264.62,1075532.93
2026-01,UTTAR PRADESH,1130.54,153987.1
2026-01,UTTARAKHAND,116.28,15316.91
2026-01,WEST BENGAL,493.61,73684.08
2026-02,ANDAMAN AND NICOBAR ISLANDS,4.21,684.41
2026-02,ANDHRA PRADESH,572.66,98546.02
2026-02,ARUNACHAL PRADESH,20.51,2829.21
2026-02,ASSAM,212.74,24133.09
2026-02,BIHAR,437.56,66759.75
2026-02,CHANDIGARH,26.05,3340.2
2026-02,CHHATTISGARH,136.31,18456.05
2026-02,DADRA AND NAGAR HAVELI AND DAMAN AND DIU,10.41,1178.59
2026-02,DELHI,486.39,65105.21
2026-02,GOA,35.41,5280.59
2026-02,GUJARAT,525.99,80307.51
2026-02,HARYANA,395.1,57895.0
2026-02,HIMACHAL PRADESH,55.51,7395.6
2026-02,JAMMU AND KASHMIR,79.14,10719.83
2026-02,JHARKHAND,173.79,24133.93
2026-02,KARNATAKA,1090.35,155422.85
2026-02,KERALA,411.92,57706.63
2026-02,LADAKH,2.55,439.87
2026-02,LAKSHADWEEP,0.63,72.29
2026-02,MADHYA PRADESH,444.29,60937.99
2026-02,MAHARASHTRA,2058.36,246952.4
2026-02,MANIPUR,15.87,3222.71
2026-02,MEGHALAYA,15.94,2062.73
2026-02,MIZORAM,13.08,1948.02
2026-02,NAGALAND,12.15,1865.55
2026-02,ODISHA,290.5,40376.19
2026-02,PUDUCHERRY,19.25,2752.91
2026-02,PUNJAB,214.63,38173.21
2026-02,RAJASTHAN,524.36,80287.61
2026-02,SIKKIM,8.64,1162.27
2026-02,TAMIL NADU,828.89,130869.54
2026-02,TELANGANA,827.59,131782.2
2026-02,TRIPURA,15.61,2168.2
2026-02,UNCLASSIFIED,8787.44,1025852.39
2026-02,UTTAR PRADESH,1082.79,150105.35
2026-02,UTTARAKHAND,109.3,14218.08
2026-02,WEST BENGAL,448.26,69085.31
2026-03,ANDAMAN AND NICOBAR ISLANDS,4.55,731.89
2026-03,ANDHRA PRADESH,639.01,110157.65
2026-03,ARUNACHAL PRADESH,22.82,3093.24
2026-03,ASSAM,241.95,27597.13
2026-03,BIHAR,497.94,72009.55
2026-03,CHANDIGARH,28.06,3573.47
2026-03,CHHATTISGARH,149.38,19749.62
2026-03,DADRA AND NAGAR HAVELI AND DAMAN AND DIU,11.29,1253.21
2026-03,DELHI,516.09,69370.45
2026-03,GOA,37.91,5673.83
2026-03,GUJARAT,565.42,85954.4
2026-03,HARYANA,424.91,61869.14
2026-03,HIMACHAL PRADESH,63.96,8396.95
2026-03,JAMMU AND KASHMIR,86.63,12268.67
2026-03,JHARKHAND,197.5,27024.97
2026-03,KARNATAKA,1181.05,171403.92
2026-03,KERALA,450.09,64044.33
2026-03,LADAKH,3.11,521.44
2026-03,LAKSHADWEEP,0.74,88.11
2026-03,MADHYA PRADESH,482.43,65422.5
2026-03,MAHARASHTRA,2263.24,276685.31
2026-03,MANIPUR,17.36,3353.62
2026-03,MEGHALAYA,17.55,2228.43
2026-03,MIZORAM,14.58,2151.35
2026-03,NAGALAND,13.9,2092.04
2026-03,ODISHA,322.97,44550.94
2026-03,PUDUCHERRY,20.92,2997.33
2026-03,PUNJAB,235.45,40851.08
2026-03,RAJASTHAN,569.59,85316.21
2026-03,SIKKIM,9.83,1331.08
2026-03,TAMIL NADU,904.49,143290.72
2026-03,TELANGANA,904.01,143975.14
2026-03,TRIPURA,17.02,2341.22
2026-03,UNCLASSIFIED,9902.66,1139245.93
2026-03,UTTAR PRADESH,1202.76,161091.32
2026-03,UTTARAKHAND,121.43,15624.91
2026-03,WEST BENGAL,498.51,75210.95
