month,bank,bank_name_as_published,bank_group,atms_onsite,atms_offsite,pos_terminals,micro_atms,bharat_qr_codes,upi_qr_codes,credit_cards,debit_cards,credit_pos_n,credit_pos_v,credit_online_n,credit_online_v,credit_other_n,credit_other_v,credit_atm_cash_n,credit_atm_cash_v,debit_pos_n,debit_pos_v,debit_online_n,debit_online_v,debit_other_n,debit_other_v,debit_atm_cash_n,debit_atm_cash_v,debit_pos_cash_n,debit_pos_cash_v
2026-01,AIRTEL PAYMENTS BANK,AIRTEL PAYMENTS BANK,Payments bank,0.0,0.0,0.0,160272.0,0.0,803040.0,0.0,10009234.0,0.0,0.0,0.0,0.0,0.0,0.0,0.0,0.0,1908159.0,82902.0,23140.0,28006.0,0.0,0.0,589606.0,2193473.0,0.0,0.0
2026-01,AMERICAN EXPRESS BANKING CORPORATION,AMERICAN EXPRESS BANKING CORPORATION,Foreign,0.0,0.0,11273.0,0.0,0.0,0.0,1334477.0,0.0,1737835.0,17076575.0,4260512.0,41034570.0,0.0,0.0,0.0,0.0,0.0,0.0,0.0,0.0,0.0,0.0,0.0,0.0,0.0,0.0
2026-01,AU SMALL FINANCE BANK,AU SMALL FINANCE BANK LTD,Small finance,746.0,6.0,0.0,862.0,0.0,379461.0,973578.0,9235859.0,765695.0,4266551.0,2934006.0,7091041.0,660.0,339.0,2876.0,17982.0,154831.0,507498.0,177316.0,797263.0,159.0,2754.0,1280326.0,7009367.0,0.0,0.0
2026-01,AXIS BANK,AXIS BANK LTD,Private sector,6720.0,6136.0,2548891.0,0.0,527513.0,120138987.0,15737142.0,43087528.0,47265797.0,108493375.0,28802562.0,117015237.0,0.0,0.0,70099.0,396207.0,3429744.0,15162448.0,1601609.0,10422676.0,10196.0,270221.0,14831845.0,104274800.0,0.0,0.0
2026-01,BANDHAN BANK,BANDHAN BANK LTD,Private sector,429.0,5.0,72502.0,0.0,44162.0,0.0,11056.0,6639897.0,45607.0,53284.0,2539.0,14120.0,362.0,2027.0,354.0,1795.0,168905.0,656909.0,51845.0,239850.0,0.0,0.0,1914739.0,11389705.0,7.0,4.0
2026-01,BANK OF AMERICA,BANK OF AMERICA,Foreign,0.0,0.0,0.0,0.0,0.0,0.0,0.0,0.0,0.0,0.0,0.0,0.0,0.0,0.0,0.0,0.0,0.0,0.0,0.0,0.0,0.0,0.0,0.0,0.0,0.0,0.0
2026-01,BANK OF BAHRAIN AND KUWAIT B S C,BANK OF BAHRAIN & KUWAIT B.S.C.,Foreign,0.0,0.0,0.0,0.0,0.0,0.0,0.0,1144.0,0.0,0.0,0.0,0.0,0.0,0.0,0.0,0.0,715.0,27444.0,0.0,0.0,0.0,0.0,1302.0,6595.0,0.0,0.0
2026-01,BANK OF BARODA,BANK OF BARODA,Public sector,9076.0,2500.0,56108.0,41670.0,27111.0,3188167.0,3094647.0,87832114.0,9378277.0,17591116.0,3888640.0,17739448.0,0.0,0.0,11745.0,63255.0,2854279.0,7503350.0,352833.0,2237329.0,15.0,33.0,21796745.0,115085977.0,0.0,0.0
2026-01,BANK OF INDIA,BANK OF INDIA,Public sector,5212.0,2483.0,19166.0,25239.0,0.0,1425985.0,104600.0,37855990.0,112703.0,547800.0,359919.0,711975.0,0.0,0.0,6853.0,39936.0,1805814.0,4391204.0,279795.0,863198.0,0.0,0.0,13926238.0,62064394.0,1.0,1.0
2026-01,BANK OF MAHARASHTRA,BANK OF MAHARASHTRA,Public sector,2386.0,251.0,360.0,6924.0,355014.0,961801.0,0.0,13511900.0,0.0,0.0,0.0,0.0,0.0,0.0,0.0,0.0,892547.0,2197375.0,115265.0,414585.0,6204.0,63371.0,5840090.0,30656069.0,0.0,0.0
2026-01,BARCLAYS BANK,BARCLAYS BANK PLC,Foreign,0.0,0.0,0.0,0.0,1.0,0.0,0.0,510.0,0.0,0.0,0.0,0.0,0.0,0.0,0.0,0.0,54.0,343.0,0.0,0.0,0.0,0.0,528.0,4893.0,0.0,0.0
2026-01,CANARA BANK,CANARA BANK,Public sector,7405.0,3299.0,92340.0,12321.0,0.0,3930246.0,1088841.0,60664416.0,1107144.0,4708806.0,548812.0,3111373.0,0.0,0.0,82000.0,483120.0,4926842.0,16333043.0,808669.0,3947945.0,4891.0,97508.0,27775423.0,143948940.0,1.0,0.0
2026-01,CAPITAL SMALL FINANCE BANK,CAPITAL SMALL FINANCE BANK LTD,Small finance,205.0,2.0,0.0,0.0,0.0,0.0,0.0,226224.0,0.0,0.0,0.0,0.0,0.0,0.0,0.0,0.0,21111.0,74795.0,1881.0,13145.0,0.0,0.0,104538.0,650873.0,0.0,0.0
2026-01,CENTRAL BANK OF INDIA,CENTRAL BANK OF INDIA,Public sector,2944.0,1166.0,3527.0,2882.0,38138.0,2304922.0,0.0,30399490.0,0.0,0.0,0.0,0.0,0.0,0.0,0.0,0.0,945236.0,2901907.0,140415.0,595388.0,0.0,0.0,7182009.0,35618023.0,23.0,262.0
2026-01,CITI BANK,CITI BANK,Foreign,0.0,0.0,0.0,0.0,0.0,0.0,269142.0,0.0,144339.0,885749.0,310430.0,3896478.0,0.0,0.0,505.0,4071.0,0.0,0.0,0.0,0.0,0.0,0.0,0.0,0.0,0.0,0.0
2026-01,CITY UNION BANK,CITY UNION BANK LTD.,Private sector,1228.0,487.0,6677.0,23617.0,0.0,72752.0,54904.0,3355871.0,56426.0,300629.0,25369.0,288518.0,0.0,0.0,221.0,1391.0,385508.0,1373695.0,31913.0,99022.0,0.0,0.0,1950583.0,12151598.0,0.0,0.0
2026-01,CSB BANK,CSB BANK LTD.,Private sector,784.0,37.0,0.0,0.0,20174.0,0.0,190761.0,971693.0,245166.0,658873.0,2073942.0,1907641.0,0.0,0.0,0.0,0.0,105123.0,311973.0,7255.0,50192.0,0.0,0.0,361115.0,2054818.0,0.0,0.0
2026-01,DBS BANK INDIA,DBS INDIA BANK LTD,Foreign,413.0,317.0,659.0,84.0,0.0,9079.0,325500.0,1614390.0,355594.0,1720272.0,263809.0,2154935.0,0.0,0.0,1184.0,3737.0,132229.0,467270.0,55620.0,289880.0,0.0,0.0,583674.0,3681337.0,0.0,0.0
2026-01,DCB BANK,DCB BANK LTD,Private sector,438.0,5.0,0.0,0.0,0.0,0.0,9708.0,1296695.0,4040.0,14563.0,5718.0,22992.0,0.0,0.0,89.0,668.0,77634.0,262517.0,50585.0,220083.0,216.0,8080.0,234563.0,1633927.0,0.0,0.0
2026-01,DEUTSCHE BANK,DEUTSCHE BANK LTD,Foreign,12.0,3.0,0.0,0.0,0.0,285.0,0.0,98286.0,0.0,0.0,0.0,0.0,0.0,0.0,0.0,0.0,18264.0,73685.0,16246.0,52141.0,0.0,0.0,21509.0,139839.0,0.0,0.0
2026-01,DHANALAXMI BANK,DHANALAXMI BANK LTD,Private sector,243.0,39.0,1657.0,0.0,0.0,42662.0,11902.0,622460.0,28253.0,76204.0,7999.0,35267.0,1.0,12.0,308.0,1007.0,108186.0,245550.0,3701.0,11321.0,0.0,0.0,383981.0,1792657.0,0.0,0.0
2026-01,DOHA BANK Q P S C,DOHA BANK Q.P.S.C.,Foreign,2.0,0.0,0.0,0.0,0.0,0.0,0.0,23534.0,0.0,0.0,0.0,0.0,0.0,0.0,0.0,0.0,694.0,2948.0,157.0,506.0,0.0,0.0,1562.0,10635.0,0.0,0.0
2026-01,EQUITAS SMALL FINANCE BANK,EQUITAS SMALL FINANCE BANK LTD,Small finance,389.0,4.0,2964.0,362.0,0.0,61293.0,9642.0,1195816.0,65129.0,132486.0,5765.0,76806.0,0.0,0.0,151.0,870.0,72341.0,233246.0,15336.0,114707.0,0.0,0.0,1651406.0,5152194.0,0.0,0.0
2026-01,ESAF SMALL FINANCE BANK,ESAF SMALL FINANCE BANK LTD,Small finance,718.0,2.0,0.0,2717.0,0.0,0.0,7482.0,5264021.0,5076.0,13519.0,46627.0,37724.0,0.0,0.0,43.0,175.0,116755.0,270708.0,8790.0,37840.0,0.0,0.0,736977.0,3939991.0,0.0,0.0
2026-01,FEDERAL BANK,FEDERAL BANK LTD,Private sector,1811.0,287.0,25946.0,300.0,0.0,6316254.0,2051527.0,14860676.0,3949620.0,10214218.0,5374971.0,14299487.0,0.0,0.0,6083.0,30419.0,2281460.0,7850691.0,961259.0,4196229.0,3306.0,50828.0,6824326.0,38343216.0,0.0,0.0
2026-01,FINO PAYMENTS BANK,FINO PAYMENTS BANK,Payments bank,0.0,0.0,0.0,469357.0,0.0,10892.0,0.0,10775516.0,0.0,0.0,0.0,0.0,0.0,0.0,0.0,0.0,62797.0,131528.0,806.0,2817.0,0.0,0.0,1318895.0,4632497.0,0.0,0.0
2026-01,HDFC BANK,HDFC BANK LTD,Private sector,13024.0,8153.0,1766206.0,1770.0,2207866.0,1121250.0,26108701.0,62688833.0,101049531.0,208614790.0,41259168.0,356568122.0,0.0,0.0,182997.0,1236469.0,7672496.0,39513339.0,5603614.0,36164618.0,44141.0,939219.0,29925452.0,222573371.0,18.0,17.0
2026-01,HSBC,HSBC LTD,Foreign,50.0,25.0,0.0,0.0,0.0,0.0,960626.0,913859.0,1134031.0,4955575.0,2768055.0,10813413.0,0.0,0.0,2584.0,19017.0,273569.0,1623045.0,0.0,0.0,0.0,0.0,237693.0,1544062.0,0.0,0.0
2026-01,ICICI BANK,ICICI BANK LTD,Private sector,9417.0,2575.0,2278610.0,6278.0,556231.0,3806454.0,18772905.0,32006234.0,17456544.0,104333599.0,74630139.0,247452392.0,111.0,11661.0,52635.0,287757.0,4207767.0,24773184.0,2758876.0,19824688.0,3840.0,97503.0,11527762.0,97428030.0,0.0,0.0
2026-01,IDBI BANK,IDBI BANK LTD,Private sector,2414.0,619.0,13747.0,2204.0,0.0,520724.0,46674.0,11209678.0,79423.0,389793.0,78203.0,344109.0,0.0,0.0,518.0,3041.0,812094.0,2193520.0,150577.0,547665.0,0.0,0.0,4120417.0,22789169.0,172.0,52.0
2026-01,IDFC FIRST BANK,IDFC FIRST BANK LTD,Private sector,789.0,204.0,37654.0,6928.0,0.0,234210.0,4400349.0,6901760.0,16301655.0,26833635.0,2917169.0,20557984.0,0.0,0.0,22782.0,121962.0,538202.0,2369173.0,317580.0,2358279.0,0.0,0.0,2807339.0,17265739.0,0.0,0.0
2026-01,INDIA POST PAYMENTS BANK,INDIA POST PAYMENTS BANK,Payments bank,0.0,0.0,0.0,181706.0,0.0,3190132.0,0.0,31375429.0,0.0,0.0,0.0,0.0,0.0,0.0,0.0,0.0,0.0,0.0,64394.0,76135.0,0.0,0.0,0.0,0.0,0.0,0.0
2026-01,INDIAN BANK,INDIAN BANK,Public sector,4990.0,645.0,25363.0,16462.0,0.0,2629994.0,268740.0,35534522.0,174715.0,858888.0,138266.0,935647.0,0.0,0.0,3785.0,31416.0,2422326.0,6770528.0,313526.0,905901.0,217.0,498.0,16819328.0,87334055.0,3.0,2.0
2026-01,INDIAN OVERSEAS BANK,INDIAN OVERSEAS BANK,Public sector,2893.0,733.0,20207.0,11996.0,0.0,560850.0,124485.0,21320454.0,404114.0,798266.0,52875.0,198962.0,0.0,0.0,5941.0,30604.0,1954694.0,5113814.0,173362.0,546465.0,0.0,0.0,11022678.0,51993572.0,0.0,0.0
2026-01,INDUSIND BANK,INDUSIND BANK LTD,Private sector,2066.0,951.0,109071.0,0.0,12192.0,6802712.0,3068120.0,11871939.0,2647884.0,17063419.0,10292436.0,34027915.0,0.0,0.0,18157.0,98764.0,497685.0,1881490.0,412276.0,2130808.0,871.0,78737.0,4381156.0,18612721.0,0.0,0.0
2026-01,JAMMU AND KASHMIR BANK,JAMMU AND KASHMIR BANK LTD,Private sector,964.0,643.0,14069.0,1360.0,0.0,644463.0,140893.0,5226068.0,300328.0,1733979.0,93393.0,414677.0,0.0,0.0,10232.0,46819.0,554733.0,1544337.0,385455.0,438755.0,0.0,0.0,4268424.0,23422324.0,0.0,0.0
2026-01,JANA SMALL FINANCE BANK,JANA SMALL FINANCE BANK LTD,Small finance,57.0,5.0,0.0,173.0,0.0,705815.0,0.0,4334678.0,0.0,0.0,0.0,0.0,0.0,0.0,0.0,0.0,39664.0,103670.0,6772.0,21999.0,0.0,0.0,653952.0,2340178.0,0.0,0.0
2026-01,JIO PAYMENTS BANK,JIO PAYMENTS BANK,Payments bank,0.0,0.0,0.0,0.0,0.0,155398.0,0.0,1498038.0,0.0,0.0,0.0,0.0,0.0,0.0,0.0,0.0,13499.0,21992.0,13194.0,42408.0,2492.0,1421.0,160147.0,898274.0,0.0,0.0
2026-01,KARNATAKA BANK,KARNATAKA BANK LTD,Private sector,966.0,505.0,8931.0,0.0,0.0,141218.0,0.0,5601661.0,0.0,0.0,0.0,0.0,0.0,0.0,0.0,0.0,561875.0,1291554.0,38703.0,143510.0,0.0,0.0,3158420.0,16607195.0,0.0,0.0
2026-01,KARUR VYSYA BANK,KARUR VYSYA BANK LTD,Private sector,1590.0,625.0,6497.0,0.0,47225.0,7411.0,9689.0,5489097.0,21083.0,143767.0,7900.0,112745.0,0.0,0.0,467.0,3848.0,709324.0,2059756.0,92773.0,478161.0,0.0,0.0,3304208.0,18107441.0,0.0,0.0
2026-01,KEB HANA BANK,KEB HANA BANK,Foreign,1.0,0.0,0.0,0.0,0.0,0.0,0.0,1869.0,0.0,0.0,0.0,0.0,0.0,0.0,0.0,0.0,893.0,2650.0,47.0,150.0,0.0,0.0,298.0,2043.0,0.0,0.0
2026-01,KOOKMIN BANK,KOOKMIN BANK,Foreign,0.0,0.0,0.0,0.0,0.0,0.0,0.0,605.0,0.0,0.0,0.0,0.0,0.0,0.0,0.0,0.0,300.0,1241.0,95.0,153.0,0.0,0.0,76.0,586.0,0.0,0.0
2026-01,KOTAK MAHINDRA BANK,KOTAK MAHINDRA BANK LTD,Private sector,2019.0,730.0,83117.0,0.0,179761.0,804432.0,4593527.0,36397542.0,14661000.0,28044395.0,4034899.0,32303958.0,0.0,0.0,28115.0,150896.0,1690671.0,5555853.0,1740487.0,6606962.0,0.0,0.0,8813204.0,50443392.0,0.0,0.0
2026-01,NAINITAL BANK,NAINITAL BANK LTD,Private sector,0.0,0.0,0.0,0.0,0.0,0.0,0.0,332527.0,0.0,0.0,0.0,0.0,0.0,0.0,0.0,0.0,10144.0,22283.0,3037.0,10230.0,0.0,0.0,56033.0,294269.0,0.0,0.0
2026-01,NSDL PAYMENTS BANK,NSDL PAYMENTS BANK,Payments bank,0.0,0.0,0.0,269863.0,0.0,0.0,0.0,2922339.0,0.0,0.0,0.0,0.0,0.0,0.0,0.0,0.0,17953.0,35925.0,16945.0,44808.0,0.0,0.0,474081.0,1358699.0,0.0,0.0
2026-01,PAYTM PAYMENTS BANK,PAYTM PAYMENTS BANK,Payments bank,0.0,0.0,0.0,0.0,0.0,0.0,0.0,29291791.0,0.0,0.0,0.0,0.0,0.0,0.0,0.0,0.0,29.0,10.0,120.0,8.0,0.0,0.0,32.0,63.0,0.0,0.0
2026-01,PUNJAB AND SIND BANK,PUNJAB AND SIND BANK,Public sector,1101.0,39.0,1239.0,2067.0,1399.0,221180.0,0.0,3711895.0,0.0,0.0,0.0,0.0,0.0,0.0,0.0,0.0,40502.0,150352.0,185038.0,525949.0,0.0,0.0,1216879.0,6374391.0,0.0,0.0
2026-01,PUNJAB NATIONAL BANK,PUNJAB NATIONAL BANK,Public sector,7305.0,3815.0,25349.0,0.0,227832.0,1485141.0,726213.0,40259361.0,372064.0,1759450.0,323108.0,1689787.0,3.0,252.0,5578.0,18738.0,3213844.0,9303914.0,652553.0,2010470.0,0.0,0.0,21434009.0,114242125.0,0.0,0.0
2026-01,RBL BANK,RBL BANK LTD,Private sector,381.0,32.0,2382678.0,0.0,1595.0,53447.0,4583137.0,1675644.0,4491299.0,26043427.0,6429047.0,45520230.0,0.0,0.0,32753.0,179418.0,106304.0,399598.0,64014.0,447211.0,57.0,2679.0,373016.0,2164191.0,0.0,0.0
2026-01,SBM BANK INDIA,SBM BANK INDIA LTD,Foreign,0.0,0.0,0.0,0.0,0.0,129.0,804407.0,851164.0,129857.0,189203.0,342254.0,404712.0,0.0,0.0,1616.0,4212.0,8563.0,30320.0,9063.0,39152.0,0.0,0.0,29379.0,105327.0,0.0,0.0
2026-01,SHIVALIK SMALL FINANCE BANK,SHIVALIK SMALL FINANCE BANK LTD,Small finance,0.0,0.0,0.0,0.0,0.0,0.0,0.0,37828.0,0.0,0.0,0.0,0.0,0.0,0.0,0.0,0.0,1603.0,4487.0,441.0,4831.0,0.0,0.0,12750.0,70966.0,0.0,0.0
2026-01,SLICE SMALL FINANCE BANK,SLICE SMALL FINANCE BANK LTD,Small finance,3.0,2.0,0.0,0.0,0.0,11907.0,90792.0,4019384.0,1347282.0,756509.0,291287.0,383491.0,0.0,0.0,0.0,0.0,8192.0,18003.0,22578.0,115849.0,0.0,0.0,63099.0,334853.0,2626.0,10282.0
2026-01,SOUTH INDIAN BANK,SOUTH INDIAN BANK,Private sector,911.0,358.0,13713.0,0.0,34785.0,112985.0,351301.0,4145192.0,459674.0,2049722.0,620471.0,3358331.0,0.0,0.0,0.0,0.0,814085.0,2694017.0,144357.0,837450.0,0.0,0.0,2457518.0,13513316.0,0.0,0.0
2026-01,STANDARD CHARTERED BANK,STANDARD CHARTERED BANK LTD,Foreign,98.0,36.0,0.0,0.0,0.0,0.0,669643.0,860296.0,732029.0,2938341.0,875602.0,4765576.0,0.0,0.0,1198.0,8335.0,189990.0,903221.0,104446.0,413537.0,22.0,570.0,381377.0,2302698.0,0.0,0.0
2026-01,STATE BANK OF INDIA,STATE BANK OF INDIA,Public sector,28745.0,34468.0,1756652.0,53728.0,1046469.0,5872806.0,21901688.0,250709409.0,25642385.0,139212595.0,71196839.0,241052366.0,0.0,0.0,123385.0,550731.0,25569874.0,71585343.0,5463014.0,19749060.0,533.0,7784.0,146668128.0,836814324.0,9479.0,8377.0
2026-01,SURYODAY SMALL FINANCE BANK,SURYODAY SMALL FINANCE BANK LTD,Small finance,0.0,0.0,0.0,0.0,0.0,0.0,30182.0,937499.0,4877.0,16161.0,13399.0,35325.0,0.0,0.0,36.0,152.0,6702.0,13130.0,1025.0,6162.0,0.0,0.0,75933.0,380520.0,0.0,0.0
2026-01,TAMILNAD MERCANTILE BANK,TAMILNAD MERCANTILE BANK LTD,Private sector,509.0,644.0,1022.0,0.0,0.0,199708.0,17931.0,2594069.0,39300.0,185602.0,14110.0,94146.0,0.0,0.0,1799.0,7634.0,254254.0,1167381.0,21878.0,161253.0,59.0,210.0,3822013.0,20835464.0,0.0,0.0
2026-01,UCO BANK,UCO BANK,Public sector,2396.0,217.0,10250.0,3568.0,140.0,1462440.0,0.0,14120965.0,0.0,0.0,0.0,0.0,0.0,0.0,0.0,0.0,720611.0,2137276.0,169809.0,532225.0,910.0,16571.0,6093499.0,31055306.0,18.0,10.0
2026-01,UJJIVAN SMALL FINANCE BANK,UJJIVAN SMALL FINANCE BANK LTD,Small finance,609.0,4.0,0.0,0.0,0.0,537035.0,0.0,6324140.0,0.0,0.0,0.0,0.0,0.0,0.0,0.0,0.0,117898.0,306723.0,18197.0,100938.0,0.0,0.0,2922048.0,12748779.0,1.0,0.0
2026-01,UNION BANK OF INDIA,UNION BANK OF INDIA,Public sector,7841.0,641.0,42380.0,8059.0,403424.0,294598.0,498049.0,56026817.0,532479.0,2417161.0,2207370.0,3693566.0,0.0,0.0,8529.0,39518.0,3406151.0,8859564.0,683839.0,2170399.0,1964.0,8054.0,42795616.0,119738202.0,2.0,1.0
2026-01,UNITY SMALL FINANCE BANK,UNITY SMALL FINANCE BANK LTD,Small finance,186.0,0.0,0.0,0.0,0.0,0.0,129601.0,116782.0,25399.0,78044.0,56498.0,192820.0,0.0,0.0,1063.0,3744.0,7469.0,18565.0,1246.0,6399.0,0.0,0.0,37149.0,186099.0,0.0,0.0
2026-01,UTKARSH SMALL FINANCE BANK,UTKARSH SMALL FINANCE BANK LTD,Small finance,365.0,8.0,0.0,784.0,0.0,41006.0,271773.0,1482479.0,15821.0,26208.0,73086.0,79564.0,2857436.0,743558.0,531.0,885.0,16459.0,60419.0,4201.0,27844.0,1.0,0.0,160799.0,1105960.0,0.0,0.0
2026-01,WOORI BANK,WOORI BANK,Foreign,0.0,0.0,0.0,0.0,0.0,0.0,0.0,1059.0,0.0,0.0,0.0,0.0,0.0,0.0,0.0,0.0,1146.0,4241.0,669.0,1721.0,0.0,0.0,0.0,0.0,0.0,0.0
2026-01,YES BANK,YES BANK LTD,Private sector,1234.0,124.0,106385.0,77973.0,112710.0,567117109.0,2808072.0,5420790.0,14205324.0,23681756.0,1730709.0,15775058.0,0.0,0.0,9539.0,51829.0,388736.0,1533233.0,87219.0,664274.0,20.0,139.0,1614501.0,10296731.0,0.0,0.0
2026-02,AIRTEL PAYMENTS BANK,AIRTEL PAYMENTS BANK,Payments bank,0.0,0.0,0.0,161444.0,0.0,819392.0,0.0,10430616.0,0.0,0.0,0.0,0.0,0.0,0.0,0.0,0.0,1866504.0,92605.0,22699.0,24355.0,0.0,0.0,553431.0,2111482.0,0.0,0.0
2026-02,AMERICAN EXPRESS BANKING CORPORATION,AMERICAN EXPRESS BANKING CORPORATION,Foreign,0.0,0.0,11269.0,0.0,0.0,0.0,1319326.0,0.0,1554739.0,15857710.0,4125798.0,40597426.0,0.0,0.0,0.0,0.0,0.0,0.0,0.0,0.0,0.0,0.0,0.0,0.0,0.0,0.0
2026-02,AU SMALL FINANCE BANK,AU SMALL FINANCE BANK LTD,Small finance,753.0,6.0,0.0,862.0,0.0,385617.0,987522.0,9206743.0,679499.0,4001705.0,2797482.0,6244913.0,447.0,249.0,2800.0,17559.0,140698.0,450846.0,164186.0,724721.0,92.0,1136.0,1200875.0,6707824.0,0.0,0.0
2026-02,AXIS BANK,AXIS BANK LTD,Private sector,6750.0,6098.0,2609386.0,0.0,548659.0,122027452.0,15892955.0,43149846.0,42874336.0,95568329.0,25559491.0,101583492.0,0.0,0.0,62878.0,363019.0,3010259.0,12982482.0,1405654.0,9563165.0,9175.0,242111.0,14157652.0,101342616.0,0.0,0.0
2026-02,BANDHAN BANK,BANDHAN BANK LTD,Private sector,430.0,5.0,72926.0,0.0,46145.0,0.0,11688.0,6612495.0,52870.0,59540.0,2301.0,16183.0,0.0,0.0,307.0,1948.0,151745.0,592136.0,49655.0,213795.0,0.0,0.0,1795462.0,10898992.0,8.0,5.0
2026-02,BANK OF AMERICA,BANK OF AMERICA,Foreign,0.0,0.0,0.0,0.0,0.0,0.0,0.0,0.0,0.0,0.0,0.0,0.0,0.0,0.0,0.0,0.0,0.0,0.0,0.0,0.0,0.0,0.0,0.0,0.0,0.0,0.0
2026-02,BANK OF BAHRAIN AND KUWAIT B S C,BANK OF BAHRAIN & KUWAIT B.S.C.,Foreign,0.0,0.0,0.0,0.0,0.0,0.0,0.0,1183.0,0.0,0.0,0.0,0.0,0.0,0.0,0.0,0.0,639.0,2238.0,0.0,0.0,0.0,0.0,1166.0,6287.0,0.0,0.0
2026-02,BANK OF BARODA,BANK OF BARODA,Public sector,9086.0,2497.0,57560.0,41564.0,27700.0,3256001.0,3105673.0,88273917.0,8895870.0,15668954.0,3591826.0,15376641.0,0.0,0.0,10764.0,58455.0,2649164.0,6805902.0,349744.0,2081986.0,29.0,45.0,20724547.0,110970796.0,0.0,0.0
2026-02,BANK OF INDIA,BANK OF INDIA,Public sector,5212.0,2483.0,19275.0,25283.0,0.0,1451888.0,112419.0,37751588.0,101561.0,512131.0,374533.0,717955.0,0.0,0.0,6992.0,41462.0,1653045.0,3974275.0,259573.0,798598.0,0.0,0.0,13105903.0,59794790.0,5.0,2.0
2026-02,BANK OF MAHARASHTRA,BANK OF MAHARASHTRA,Public sector,2414.0,250.0,442.0,7453.0,355014.0,963523.0,0.0,12912169.0,0.0,0.0,0.0,0.0,0.0,0.0,0.0,0.0,804300.0,1932080.0,93484.0,332154.0,5572.0,58022.0,5281570.0,28061094.0,0.0,0.0
2026-02,BARCLAYS BANK,BARCLAYS BANK PLC,Foreign,0.0,0.0,0.0,0.0,1.0,0.0,0.0,519.0,0.0,0.0,0.0,0.0,0.0,0.0,0.0,0.0,46.0,135.0,0.0,0.0,0.0,0.0,499.0,4658.0,0.0,0.0
2026-02,CANARA BANK,CANARA BANK,Public sector,7743.0,3257.0,92274.0,12515.0,0.0,4045388.0,1146044.0,60842928.0,988212.0,4238817.0,507841.0,2950021.0,0.0,0.0,77014.0,459522.0,4372218.0,13785453.0,754220.0,3520312.0,4601.0,93977.0,26624760.0,140312507.0,8.0,7.0
2026-02,CAPITAL SMALL FINANCE BANK,CAPITAL SMALL FINANCE BANK LTD,Small finance,207.0,2.0,0.0,0.0,0.0,0.0,0.0,228078.0,0.0,0.0,0.0,0.0,0.0,0.0,0.0,0.0,18742.0,72349.0,1755.0,8917.0,0.0,0.0,97111.0,632480.0,0.0,0.0
2026-02,CENTRAL BANK OF INDIA,CENTRAL BANK OF INDIA,Public sector,2943.0,1165.0,3582.0,2942.0,38138.0,1571080.0,0.0,30814116.0,0.0,0.0,0.0,0.0,0.0,0.0,0.0,0.0,853661.0,2577441.0,127930.0,528909.0,0.0,0.0,6841045.0,34511627.0,17.0,188.0
2026-02,CITI BANK,CITI BANK,Foreign,0.0,0.0,0.0,0.0,0.0,0.0,271495.0,0.0,160387.0,1132412.0,301366.0,3630601.0,0.0,0.0,445.0,3573.0,0.0,0.0,0.0,0.0,0.0,0.0,0.0,0.0,0.0,0.0
2026-02,CITY UNION BANK,CITY UNION BANK LTD.,Private sector,1255.0,481.0,6641.0,30930.0,0.0,74166.0,51503.0,3372344.0,48652.0,261542.0,24338.0,281077.0,0.0,0.0,149.0,992.0,342648.0,1133267.0,29604.0,88521.0,0.0,0.0,1915488.0,12341320.0,0.0,0.0
2026-02,CSB BANK,CSB BANK LTD.,Private sector,789.0,37.0,0.0,0.0,20278.0,0.0,193711.0,973684.0,169509.0,541280.0,1928529.0,1747846.0,0.0,0.0,0.0,0.0,87782.0,248635.0,6542.0,49374.0,0.0,0.0,338882.0,1966936.0,0.0,0.0
2026-02,DBS BANK INDIA,DBS INDIA BANK LTD,Foreign,413.0,316.0,652.0,84.0,0.0,9181.0,324662.0,1606792.0,309889.0,1465867.0,234115.0,1979592.0,0.0,0.0,943.0,2958.0,117769.0,399338.0,51886.0,273453.0,0.0,0.0,571029.0,3736776.0,0.0,0.0
2026-02,DCB BANK,DCB BANK LTD,Private sector,439.0,5.0,0.0,0.0,0.0,0.0,12924.0,1328114.0,4461.0,15188.0,6764.0,25113.0,5223.0,5653.0,90.0,529.0,64025.0,215049.0,45026.0,178515.0,177.0,5704.0,216617.0,1520140.0,0.0,0.0
2026-02,DEUTSCHE BANK,DEUTSCHE BANK LTD,Foreign,12.0,3.0,0.0,0.0,0.0,280.0,0.0,98852.0,0.0,0.0,0.0,0.0,0.0,0.0,0.0,0.0,14955.0,61969.0,15024.0,47468.0,0.0,0.0,19431.0,128126.0,0.0,0.0
2026-02,DHANALAXMI BANK,DHANALAXMI BANK LTD,Private sector,244.0,38.0,1665.0,0.0,0.0,43085.0,12113.0,620843.0,23804.0,61264.0,7181.0,29522.0,2.0,15.0,304.0,1111.0,97226.0,214593.0,3399.0,11065.0,0.0,0.0,356506.0,1675351.0,0.0,0.0
2026-02,DOHA BANK Q P S C,DOHA BANK Q.P.S.C.,Foreign,2.0,0.0,0.0,0.0,0.0,0.0,0.0,23586.0,0.0,0.0,0.0,0.0,0.0,0.0,0.0,0.0,441.0,1623.0,90.0,396.0,0.0,0.0,1354.0,8294.0,0.0,0.0
2026-02,EQUITAS SMALL FINANCE BANK,EQUITAS SMALL FINANCE BANK LTD,Small finance,389.0,4.0,2842.0,366.0,0.0,60698.0,11401.0,1194080.0,71056.0,127409.0,6353.0,90230.0,0.0,0.0,225.0,1337.0,63426.0,195885.0,13566.0,96275.0,0.0,0.0,1434133.0,4628709.0,0.0,0.0
2026-02,ESAF SMALL FINANCE BANK,ESAF SMALL FINANCE BANK LTD,Small finance,718.0,2.0,0.0,2819.0,0.0,0.0,7993.0,5259778.0,5053.0,13188.0,47685.0,37902.0,0.0,0.0,36.0,113.0,101513.0,230962.0,7447.0,35152.0,0.0,0.0,678545.0,3685983.0,0.0,0.0
2026-02,FEDERAL BANK,FEDERAL BANK LTD,Private sector,1816.0,286.0,27060.0,1000.0,0.0,6313598.0,2146770.0,14910099.0,3537151.0,9039039.0,5299614.0,12932511.0,0.0,0.0,5215.0,26167.0,1841862.0,5838740.0,860947.0,3834981.0,2923.0,45533.0,6161788.0,35156970.0,0.0,0.0
2026-02,FINO PAYMENTS BANK,FINO PAYMENTS BANK,Payments bank,0.0,0.0,0.0,470959.0,0.0,11261.0,0.0,10883009.0,0.0,0.0,0.0,0.0,0.0,0.0,0.0,0.0,70067.0,180267.0,959.0,3312.0,0.0,0.0,1564629.0,5738493.0,0.0,0.0
2026-02,HDFC BANK,HDFC BANK LTD,Private sector,13039.0,8135.0,1775520.0,1764.0,2230670.0,1145273.0,26260095.0,62713251.0,92211990.0,183441113.0,37006162.0,320617497.0,0.0,0.0,171355.0,1167734.0,6663685.0,32838520.0,5209032.0,32442665.0,41056.0,986352.0,28127578.0,211842010.0,17.0,21.0
2026-02,HSBC,HSBC LTD,Foreign,50.0,25.0,0.0,0.0,0.0,0.0,962380.0,924109.0,995825.0,4500274.0,2735388.0,10446998.0,0.0,0.0,2208.0,17549.0,273569.0,1623045.0,0.0,0.0,0.0,0.0,221086.0,1446652.0,0.0,0.0
2026-02,ICICI BANK,ICICI BANK LTD,Private sector,9474.0,2580.0,2277831.0,6390.0,549275.0,3820874.0,18913163.0,31820083.0,14942281.0,89321078.0,68777969.0,216010079.0,72.0,7293.0,46591.0,256078.0,3545429.0,20369834.0,2560090.0,18472464.0,3687.0,90672.0,10765567.0,93014688.0,0.0,0.0
2026-02,IDBI BANK,IDBI BANK LTD,Private sector,2445.0,612.0,13694.0,2275.0,0.0,567760.0,47457.0,11416662.0,64931.0,316893.0,67748.0,282452.0,0.0,0.0,437.0,2453.0,719020.0,1924425.0,140472.0,474396.0,0.0,0.0,3849342.0,21676016.0,157.0,52.0
2026-02,IDFC FIRST BANK,IDFC FIRST BANK LTD,Private sector,816.0,205.0,37296.0,6929.0,0.0,242444.0,4478060.0,6902851.0,15103096.0,23553017.0,2706903.0,18560060.0,0.0,0.0,20934.0,113298.0,471446.0,1976103.0,275608.0,2182733.0,0.0,0.0,2649965.0,16537472.0,0.0,0.0
2026-02,INDIA POST PAYMENTS BANK,INDIA POST PAYMENTS BANK,Payments bank,0.0,0.0,0.0,182799.0,0.0,3241235.0,0.0,32031228.0,0.0,0.0,0.0,0.0,0.0,0.0,0.0,0.0,0.0,0.0,67166.0,84714.0,0.0,0.0,0.0,0.0,0.0,0.0
2026-02,INDIAN BANK,INDIAN BANK,Public sector,5003.0,647.0,26677.0,16733.0,0.0,2712663.0,267761.0,35989161.0,151551.0,741930.0,126034.0,851084.0,0.0,0.0,3511.0,30902.0,2160622.0,5808806.0,301038.0,836352.0,223.0,667.0,16584246.0,88699958.0,4.0,3.0
2026-02,INDIAN OVERSEAS BANK,INDIAN OVERSEAS BANK,Public sector,2904.0,733.0,20743.0,11961.0,0.0,569589.0,129943.0,21635315.0,402150.0,762888.0,42201.0,198343.0,0.0,0.0,5690.0,30210.0,1745187.0,4401531.0,175694.0,527708.0,0.0,0.0,10815321.0,52512426.0,0.0,0.0
2026-02,INDUSIND BANK,INDUSIND BANK LTD,Private sector,2091.0,944.0,109874.0,0.0,12181.0,6876002.0,3048435.0,11958030.0,2320298.0,15325427.0,9367553.0,29919292.0,0.0,0.0,15807.0,86850.0,440172.0,1784774.0,371966.0,1939966.0,780.0,64480.0,3554591.0,17538667.0,0.0,0.0
2026-02,JAMMU AND KASHMIR BANK,JAMMU AND KASHMIR BANK LTD,Private sector,967.0,643.0,14047.0,1391.0,0.0,646506.0,150879.0,5243452.0,329520.0,1701232.0,85033.0,379987.0,0.0,0.0,10361.0,47405.0,518001.0,1417469.0,356651.0,418117.0,0.0,0.0,4194986.0,22643863.0,0.0,0.0
2026-02,JANA SMALL FINANCE BANK,JANA SMALL FINANCE BANK LTD,Small finance,57.0,5.0,0.0,173.0,0.0,743398.0,0.0,4418978.0,0.0,0.0,0.0,0.0,0.0,0.0,0.0,0.0,34358.0,89421.0,5505.0,19675.0,0.0,0.0,599454.0,2218661.0,0.0,0.0
2026-02,JIO PAYMENTS BANK,JIO PAYMENTS BANK,Payments bank,0.0,0.0,0.0,0.0,0.0,155800.0,0.0,1537679.0,0.0,0.0,0.0,0.0,0.0,0.0,0.0,0.0,13313.0,21881.0,13901.0,44479.0,2442.0,1308.0,161685.0,906169.0,0.0,0.0
2026-02,KARNATAKA BANK,KARNATAKA BANK LTD,Private sector,966.0,503.0,9007.0,0.0,0.0,142870.0,0.0,5586367.0,0.0,0.0,0.0,0.0,0.0,0.0,0.0,0.0,509509.0,1101404.0,38423.0,129390.0,0.0,0.0,2964984.0,15749602.0,0.0,0.0
2026-02,KARUR VYSYA BANK,KARUR VYSYA BANK LTD,Private sector,1591.0,620.0,6611.0,0.0,47244.0,7413.0,9599.0,5400900.0,17961.0,126320.0,7636.0,107247.0,0.0,0.0,340.0,2731.0,619399.0,1760098.0,86300.0,424919.0,0.0,0.0,3180143.0,17750694.0,0.0,0.0
2026-02,KEB HANA BANK,KEB HANA BANK,Foreign,1.0,0.0,0.0,0.0,0.0,0.0,0.0,1903.0,0.0,0.0,0.0,0.0,0.0,0.0,0.0,0.0,766.0,2398.0,88.0,210.0,0.0,0.0,272.0,1821.0,0.0,0.0
2026-02,KOOKMIN BANK,KOOKMIN BANK,Foreign,0.0,0.0,0.0,0.0,0.0,0.0,0.0,648.0,0.0,0.0,0.0,0.0,0.0,0.0,0.0,0.0,364.0,754.0,174.0,317.0,0.0,0.0,114.0,639.0,0.0,0.0
2026-02,KOTAK MAHINDRA BANK,KOTAK MAHINDRA BANK LTD,Private sector,2031.0,717.0,81721.0,0.0,181693.0,806706.0,4631622.0,36742656.0,13664498.0,24456252.0,3710956.0,28896079.0,0.0,0.0,26688.0,144988.0,1518945.0,4816486.0,1667976.0,6089944.0,0.0,0.0,8375892.0,48932841.0,0.0,0.0
2026-02,NAINITAL BANK,NAINITAL BANK LTD,Private sector,0.0,0.0,0.0,0.0,0.0,0.0,0.0,335928.0,0.0,0.0,0.0,0.0,0.0,0.0,0.0,0.0,9407.0,20071.0,2770.0,9453.0,0.0,0.0,54109.0,288064.0,0.0,0.0
2026-02,NSDL PAYMENTS BANK,NSDL PAYMENTS BANK,Payments bank,0.0,0.0,0.0,255136.0,0.0,0.0,0.0,3097104.0,0.0,0.0,0.0,0.0,0.0,0.0,0.0,0.0,16517.0,29369.0,12764.0,30967.0,0.0,0.0,463555.0,1322781.0,0.0,0.0
2026-02,PAYTM PAYMENTS BANK,PAYTM PAYMENTS BANK,Payments bank,0.0,0.0,0.0,0.0,0.0,0.0,0.0,28289270.0,0.0,0.0,0.0,0.0,0.0,0.0,0.0,0.0,28.0,6.0,114.0,6.0,0.0,0.0,11.0,31.0,0.0,0.0
2026-02,PUNJAB AND SIND BANK,PUNJAB AND SIND BANK,Public sector,1110.0,38.0,1271.0,2088.0,1411.0,223464.0,0.0,3755148.0,0.0,0.0,0.0,0.0,0.0,0.0,0.0,0.0,36267.0,127770.0,170490.0,463708.0,0.0,0.0,1181784.0,6268502.0,0.0,0.0
2026-02,PUNJAB NATIONAL BANK,PUNJAB NATIONAL BANK,Public sector,7302.0,3778.0,26498.0,0.0,231866.0,1046030.0,788598.0,40736297.0,341454.0,1631982.0,321517.0,1626481.0,1.0,233.0,5316.0,18246.0,2948775.0,8304669.0,568678.0,1605373.0,0.0,0.0,20426600.0,110674589.0,0.0,0.0
2026-02,RBL BANK,RBL BANK LTD,Private sector,383.0,32.0,2417157.0,0.0,1595.0,52214.0,4608807.0,1685814.0,3968394.0,23402635.0,5982886.0,41367754.0,0.0,0.0,29655.0,159468.0,96501.0,361343.0,60557.0,403866.0,77.0,8981.0,352270.0,2071775.0,0.0,0.0
2026-02,SBM BANK INDIA,SBM BANK INDIA LTD,Foreign,0.0,0.0,0.0,0.0,0.0,115.0,846745.0,858605.0,114393.0,163335.0,310772.0,368017.0,0.0,0.0,1493.0,4366.0,7089.0,28269.0,8551.0,38638.0,0.0,0.0,23944.0,102990.0,0.0,0.0
2026-02,SHIVALIK SMALL FINANCE BANK,SHIVALIK SMALL FINANCE BANK LTD,Small finance,0.0,0.0,0.0,0.0,0.0,0.0,0.0,38220.0,0.0,0.0,0.0,0.0,0.0,0.0,0.0,0.0,1450.0,3375.0,376.0,4186.0,0.0,0.0,12411.0,71021.0,0.0,0.0
2026-02,SLICE SMALL FINANCE BANK,SLICE SMALL FINANCE BANK LTD,Small finance,3.0,2.0,0.0,0.0,0.0,19920.0,120288.0,4395099.0,1708737.0,854156.0,374996.0,437226.0,0.0,0.0,0.0,0.0,7745.0,15374.0,23332.0,98100.0,0.0,0.0,62427.0,342423.0,2436.0,9934.0
2026-02,SOUTH INDIAN BANK,SOUTH INDIAN BANK,Private sector,913.0,359.0,13807.0,0.0,34764.0,113878.0,347272.0,4156505.0,401618.0,1749007.0,561812.0,2891278.0,0.0,0.0,0.0,0.0,656487.0,2049139.0,125434.0,761723.0,0.0,0.0,2225166.0,12287626.0,0.0,0.0
2026-02,STANDARD CHARTERED BANK,STANDARD CHARTERED BANK LTD,Foreign,98.0,36.0,0.0,0.0,0.0,0.0,656941.0,859502.0,621731.0,2503164.0,795289.0,4108568.0,0.0,0.0,1038.0,7535.0,161797.0,763448.0,95565.0,347764.0,23.0,251.0,350729.0,2138758.0,0.0,0.0
2026-02,STATE BANK OF INDIA,STATE BANK OF INDIA,Public sector,28906.0,34619.0,1765255.0,54309.0,1047228.0,5926226.0,21971138.0,251346162.0,22552100.0,127725571.0,65690877.0,213350610.0,0.0,0.0,107989.0,486906.0,23007472.0,62508584.0,5121168.0,17581794.0,519.0,7875.0,137539481.0,797282330.0,8036.0,6506.0
2026-02,SURYODAY SMALL FINANCE BANK,SURYODAY SMALL FINANCE BANK LTD,Small finance,0.0,0.0,0.0,0.0,0.0,0.0,35869.0,945880.0,4843.0,16055.0,14272.0,31611.0,0.0,0.0,24.0,121.0,6024.0,14312.0,1126.0,8320.0,0.0,0.0,74237.0,375235.0,0.0,0.0
2026-02,TAMILNAD MERCANTILE BANK,TAMILNAD MERCANTILE BANK LTD,Private sector,510.0,643.0,887.0,0.0,0.0,201199.0,18048.0,2608096.0,33077.0,163515.0,13629.0,92931.0,0.0,0.0,1494.0,6403.0,224813.0,963397.0,21893.0,156443.0,47.0,135.0,3825782.0,21495360.0,0.0,0.0
2026-02,UCO BANK,UCO BANK,Public sector,2396.0,217.0,10252.0,3568.0,139.0,1479162.0,0.0,14316549.0,0.0,0.0,0.0,0.0,0.0,0.0,0.0,0.0,656455.0,1894677.0,166031.0,480747.0,782.0,14711.0,5765902.0,29909687.0,35.0,26.0
2026-02,UJJIVAN SMALL FINANCE BANK,UJJIVAN SMALL FINANCE BANK LTD,Small finance,609.0,4.0,0.0,0.0,0.0,541610.0,0.0,6421541.0,0.0,0.0,0.0,0.0,0.0,0.0,0.0,0.0,109624.0,281930.0,17549.0,99930.0,0.0,0.0,2500513.0,12637470.0,0.0,0.0
2026-02,UNION BANK OF INDIA,UNION BANK OF INDIA,Public sector,7925.0,675.0,43246.0,8156.0,410371.0,295321.0,507679.0,56165875.0,372703.0,1713420.0,2352653.0,4278924.0,0.0,0.0,6486.0,30658.0,3084026.0,7711142.0,667508.0,1942531.0,1712.0,6887.0,38252834.0,116616288.0,14.0,5.0
2026-02,UNITY SMALL FINANCE BANK,UNITY SMALL FINANCE BANK LTD,Small finance,187.0,0.0,0.0,0.0,0.0,0.0,150977.0,117747.0,24913.0,78751.0,55113.0,210636.0,0.0,0.0,910.0,3645.0,7629.0,20464.0,361.0,3417.0,0.0,0.0,35393.0,179251.0,0.0,0.0
2026-02,UTKARSH SMALL FINANCE BANK,UTKARSH SMALL FINANCE BANK LTD,Small finance,365.0,8.0,0.0,785.0,0.0,41288.0,286887.0,1426029.0,16325.0,27141.0,72482.0,79843.0,2825520.0,743639.0,533.0,777.0,14910.0,51610.0,4028.0,31365.0,0.0,0.0,153876.0,1070213.0,0.0,0.0
2026-02,WOORI BANK,WOORI BANK,Foreign,0.0,0.0,0.0,0.0,0.0,0.0,0.0,1032.0,0.0,0.0,0.0,0.0,0.0,0.0,0.0,0.0,1215.0,4625.0,637.0,1586.0,0.0,0.0,0.0,0.0,0.0,0.0
2026-02,YES BANK,YES BANK LTD,Private sector,1247.0,115.0,107909.0,76840.0,112988.0,581552172.0,2857644.0,5391600.0,13558895.0,21514517.0,1568796.0,14454676.0,0.0,0.0,8374.0,45595.0,365838.0,1539203.0,59259.0,525896.0,13.0,118.0,1523032.0,9868478.0,0.0,0.0
2026-03,AIRTEL PAYMENTS BANK,AIRTEL PAYMENTS BANK,Payments bank,0.0,0.0,0.0,162660.0,0.0,855926.0,0.0,10858717.0,0.0,0.0,0.0,0.0,0.0,0.0,0.0,0.0,2317506.0,115415.0,24617.0,27522.0,0.0,0.0,614274.0,2317715.0,0.0,0.0
2026-03,AMERICAN EXPRESS BANKING CORPORATION,AMERICAN EXPRESS BANKING CORPORATION,Foreign,0.0,0.0,11276.0,0.0,0.0,0.0,1310967.0,0.0,1720460.0,17433558.0,4514347.0,48363322.0,0.0,0.0,0.0,0.0,0.0,0.0,0.0,0.0,0.0,0.0,0.0,0.0,0.0,0.0
2026-03,AU SMALL FINANCE BANK,AU SMALL FINANCE BANK LTD,Small finance,755.0,6.0,0.0,864.0,0.0,391115.0,1000711.0,8937905.0,796507.0,4407941.0,3377284.0,7635459.0,497.0,261.0,3137.0,19666.0,156596.0,486621.0,216687.0,1032982.0,92.0,1157.0,1360606.0,7887279.0,0.0,0.0
2026-03,AXIS BANK,AXIS BANK LTD,Private sector,6786.0,6010.0,2602032.0,0.0,508176.0,123910021.0,16026533.0,43424303.0,50745975.0,122231698.0,30217125.0,126865188.0,0.0,0.0,70450.0,406194.0,3233461.0,14203497.0,1734020.0,12421674.0,9767.0,261922.0,15245187.0,110338019.0,0.0,0.0
2026-03,BANDHAN BANK,BANDHAN BANK LTD,Private sector,391.0,5.0,73433.0,0.0,48087.0,0.0,12811.0,6454392.0,65217.0,81317.0,3732.0,28169.0,0.0,0.0,369.0,2198.0,166538.0,656414.0,56467.0,243443.0,0.0,0.0,1914416.0,11794625.0,11.0,7.0
2026-03,BANK OF AMERICA,BANK OF AMERICA,Foreign,0.0,0.0,0.0,0.0,0.0,0.0,0.0,0.0,0.0,0.0,0.0,0.0,0.0,0.0,0.0,0.0,0.0,0.0,0.0,0.0,0.0,0.0,0.0,0.0,0.0,0.0
2026-03,BANK OF BAHRAIN AND KUWAIT B S C,BANK OF BAHRAIN & KUWAIT B.S.C.,Foreign,0.0,0.0,0.0,0.0,0.0,0.0,0.0,1291.0,0.0,0.0,0.0,0.0,0.0,0.0,0.0,0.0,735.0,1695.0,1513.0,38217.0,0.0,0.0,1251.0,6490.0,0.0,0.0
2026-03,BANK OF BARODA,BANK OF BARODA,Public sector,9101.0,2496.0,61088.0,42223.0,28244.0,3312528.0,3175957.0,87616162.0,10552690.0,19022511.0,4261004.0,18062061.0,0.0,0.0,11722.0,64708.0,2905811.0,7597197.0,398131.0,2346473.0,41.0,107.0,22645771.0,121894009.0,0.0,0.0
2026-03,BANK OF INDIA,BANK OF INDIA,Public sector,5216.0,2469.0,19502.0,25536.0,0.0,1488848.0,117662.0,37800793.0,119074.0,608321.0,482895.0,958827.0,0.0,0.0,8295.0,49126.0,1803442.0,4466655.0,292183.0,896384.0,0.0,0.0,14204975.0,65157543.0,7.0,6.0
2026-03,BANK OF MAHARASHTRA,BANK OF MAHARASHTRA,Public sector,2435.0,250.0,584.0,7643.0,355014.0,965510.0,0.0,12625133.0,0.0,0.0,0.0,0.0,0.0,0.0,0.0,0.0,879130.0,2239857.0,107668.0,383136.0,5882.0,62271.0,5689152.0,30409222.0,0.0,0.0
2026-03,BARCLAYS BANK,BARCLAYS BANK PLC,Foreign,0.0,0.0,0.0,0.0,0.0,0.0,0.0,530.0,0.0,0.0,0.0,0.0,0.0,0.0,0.0,0.0,87.0,318.0,0.0,0.0,0.0,0.0,629.0,5961.0,0.0,0.0
2026-03,CANARA BANK,CANARA BANK,Public sector,8062.0,3244.0,91390.0,12004.0,0.0,4145933.0,1123015.0,61217059.0,1152555.0,4984555.0,600443.0,3315327.0,0.0,0.0,87436.0,519340.0,4855821.0,15589732.0,892788.0,4417268.0,5124.0,105648.0,28811822.0,151702729.0,14.0,6.0
2026-03,CAPITAL SMALL FINANCE BANK,CAPITAL SMALL FINANCE BANK LTD,Small finance,211.0,2.0,0.0,0.0,0.0,0.0,0.0,234909.0,0.0,0.0,0.0,0.0,0.0,0.0,0.0,0.0,20890.0,86159.0,1941.0,11447.0,0.0,0.0,105628.0,697815.0,0.0,0.0
2026-03,CENTRAL BANK OF INDIA,CENTRAL BANK OF INDIA,Public sector,2871.0,948.0,3678.0,3030.0,38138.0,1588687.0,0.0,31150865.0,0.0,0.0,0.0,0.0,0.0,0.0,0.0,0.0,872791.0,2725496.0,202844.0,745586.0,0.0,0.0,7421134.0,37470433.0,1.0,0.0
2026-03,CITI BANK,CITI BANK,Foreign,0.0,0.0,0.0,0.0,0.0,0.0,272288.0,0.0,163567.0,1145124.0,344815.0,5478493.0,0.0,0.0,529.0,4467.0,0.0,0.0,0.0,0.0,0.0,0.0,0.0,0.0,0.0,0.0
2026-03,CITY UNION BANK,CITY UNION BANK LTD.,Private sector,1273.0,491.0,6622.0,24489.0,0.0,75294.0,51556.0,3377516.0,56892.0,311429.0,30145.0,345913.0,0.0,0.0,208.0,1188.0,374473.0,1353276.0,35578.0,110176.0,0.0,0.0,2034600.0,13192966.0,0.0,0.0
2026-03,CSB BANK,CSB BANK LTD.,Private sector,795.0,37.0,0.0,0.0,19628.0,0.0,195485.0,978153.0,166832.0,580418.0,2213031.0,2028741.0,0.0,0.0,0.0,0.0,93465.0,269639.0,7227.0,48471.0,0.0,0.0,366458.0,2139808.0,0.0,0.0
2026-03,DBS BANK INDIA,DBS INDIA BANK LTD,Foreign,413.0,314.0,653.0,84.0,0.0,9268.0,321990.0,1600701.0,348816.0,1679568.0,273427.0,2321205.0,0.0,0.0,1082.0,3191.0,126492.0,469105.0,63759.0,327972.0,0.0,0.0,608481.0,3947624.0,0.0,0.0
2026-03,DCB BANK,DCB BANK LTD,Private sector,441.0,4.0,0.0,0.0,0.0,0.0,16015.0,1360988.0,5747.0,16646.0,9053.0,30032.0,14431.0,11100.0,47.0,185.0,70049.0,238073.0,51918.0,221128.0,240.0,7385.0,246831.0,1778774.0,0.0,0.0
2026-03,DEUTSCHE BANK,DEUTSCHE BANK LTD,Foreign,12.0,3.0,0.0,0.0,0.0,278.0,0.0,99690.0,0.0,0.0,0.0,0.0,0.0,0.0,0.0,0.0,17166.0,75950.0,16601.0,57042.0,0.0,0.0,23029.0,157863.0,0.0,0.0
2026-03,DHANALAXMI BANK,DHANALAXMI BANK LTD,Private sector,246.0,37.0,1601.0,0.0,0.0,43782.0,10911.0,621286.0,23778.0,61161.0,7723.0,32142.0,0.0,0.0,284.0,996.0,103012.0,232077.0,3546.0,11368.0,0.0,0.0,388715.0,1848244.0,0.0,0.0
2026-03,DOHA BANK Q P S C,DOHA BANK Q.P.S.C.,Foreign,2.0,0.0,0.0,0.0,0.0,0.0,0.0,23590.0,0.0,0.0,0.0,0.0,0.0,0.0,0.0,0.0,439.0,1719.0,132.0,303.0,0.0,0.0,1371.0,8352.0,0.0,0.0
2026-03,EQUITAS SMALL FINANCE BANK,EQUITAS SMALL FINANCE BANK LTD,Small finance,392.0,4.0,2850.0,363.0,0.0,60063.0,13550.0,1139768.0,98266.0,188639.0,8979.0,122915.0,0.0,0.0,312.0,1827.0,68312.0,210203.0,18532.0,139824.0,0.0,0.0,1639169.0,5235122.0,0.0,0.0
2026-03,ESAF SMALL FINANCE BANK,ESAF SMALL FINANCE BANK LTD,Small finance,718.0,2.0,0.0,2923.0,0.0,52.0,8495.0,5266585.0,6608.0,17866.0,61643.0,54044.0,0.0,0.0,57.0,176.0,110289.0,257366.0,8970.0,39567.0,0.0,0.0,737466.0,4045012.0,0.0,0.0
2026-03,FEDERAL BANK,FEDERAL BANK LTD,Private sector,1825.0,287.0,27887.0,1050.0,0.0,6353146.0,2224017.0,14073657.0,4118341.0,11166940.0,6428087.0,15591371.0,0.0,0.0,6022.0,30850.0,1930995.0,6355472.0,1007685.0,4487056.0,3284.0,49912.0,6743852.0,39095420.0,0.0,0.0
2026-03,FINO PAYMENTS BANK,FINO PAYMENTS BANK,Payments bank,0.0,0.0,0.0,472558.0,0.0,11675.0,0.0,11078386.0,0.0,0.0,0.0,0.0,0.0,0.0,0.0,0.0,89948.0,301502.0,1234.0,2536.0,0.0,0.0,1819078.0,6730796.0,0.0,0.0
2026-03,HDFC BANK,HDFC BANK LTD,Private sector,13084.0,8088.0,1776504.0,1758.0,2230059.0,1160841.0,26312515.0,62789132.0,107331319.0,221199191.0,43268668.0,432178343.0,0.0,0.0,185609.0,1277833.0,7138891.0,36445318.0,5942356.0,38097385.0,42714.0,991870.0,30080015.0,230035197.0,14.0,15.0
2026-03,HSBC,HSBC LTD,Foreign,50.0,25.0,0.0,0.0,0.0,0.0,962641.0,939812.0,1164417.0,5294456.0,3192864.0,11833289.0,0.0,0.0,2474.0,18977.0,279127.0,1764981.0,0.0,0.0,0.0,0.0,242777.0,1624111.0,0.0,0.0
2026-03,ICICI BANK,ICICI BANK LTD,Private sector,9544.0,2538.0,2153965.0,8424.0,420578.0,3834359.0,19051092.0,31760754.0,17224820.0,99144515.0,80107792.0,266074345.0,128.0,13420.0,52874.0,296334.0,3801444.0,22131908.0,2963389.0,23193901.0,3948.0,96881.0,11578104.0,101786802.0,0.0,0.0
2026-03,IDBI BANK,IDBI BANK LTD,Private sector,2416.0,595.0,13646.0,2470.0,0.0,628603.0,48449.0,11538035.0,79952.0,407985.0,84926.0,351554.0,0.0,0.0,436.0,2624.0,803815.0,2245477.0,153445.0,549645.0,0.0,0.0,4264332.0,24238044.0,121.0,51.0
2026-03,IDFC FIRST BANK,IDFC FIRST BANK LTD,Private sector,845.0,205.0,36221.0,6627.0,0.0,249251.0,4548574.0,6979360.0,17513699.0,28627907.0,3218327.0,22182561.0,0.0,0.0,23815.0,130894.0,514049.0,2290534.0,356388.0,2846092.0,0.0,0.0,2886850.0,18452006.0,0.0,0.0
2026-03,INDIA POST PAYMENTS BANK,INDIA POST PAYMENTS BANK,Payments bank,0.0,0.0,0.0,176661.0,0.0,0.0,0.0,33302184.0,0.0,0.0,0.0,0.0,0.0,0.0,0.0,0.0,0.0,0.0,69325.0,88227.0,0.0,0.0,0.0,0.0,0.0,0.0
2026-03,INDIAN BANK,INDIAN BANK,Public sector,5011.0,646.0,27011.0,17032.0,0.0,2696221.0,267754.0,36432239.0,171882.0,863972.0,146754.0,957592.0,0.0,0.0,3710.0,30830.0,2355048.0,6659484.0,351690.0,972041.0,229.0,757.0,17025875.0,91186884.0,4.0,2.0
2026-03,INDIAN OVERSEAS BANK,INDIAN OVERSEAS BANK,Public sector,2919.0,732.0,21047.0,12187.0,0.0,574331.0,140973.0,21922388.0,537248.0,967161.0,55178.0,256393.0,0.0,0.0,6955.0,36321.0,1923748.0,5147570.0,217485.0,671540.0,0.0,0.0,11314672.0,55203671.0,0.0,0.0
2026-03,INDUSIND BANK,INDUSIND BANK LTD,Private sector,2096.0,774.0,110198.0,0.0,12178.0,6941035.0,3024303.0,11988314.0,2573383.0,17333017.0,10689237.0,34371565.0,0.0,0.0,17480.0,95931.0,474653.0,1805571.0,431897.0,2336027.0,751.0,64865.0,2941914.0,19019759.0,0.0,0.0
2026-03,JAMMU AND KASHMIR BANK,JAMMU AND KASHMIR BANK LTD,Private sector,967.0,643.0,14051.0,1409.0,0.0,631081.0,141558.0,5248741.0,367773.0,1865857.0,87176.0,398582.0,0.0,0.0,10742.0,51142.0,567147.0,1573294.0,366428.0,436667.0,0.0,0.0,5072774.0,29994199.0,0.0,0.0
2026-03,JANA SMALL FINANCE BANK,JANA SMALL FINANCE BANK LTD,Small finance,57.0,5.0,0.0,173.0,0.0,789465.0,0.0,4490913.0,0.0,0.0,0.0,0.0,0.0,0.0,0.0,0.0,40959.0,104415.0,8856.0,23152.0,0.0,0.0,681023.0,2503953.0,0.0,0.0
2026-03,JIO PAYMENTS BANK,JIO PAYMENTS BANK,Payments bank,0.0,0.0,0.0,0.0,0.0,156478.0,0.0,1586448.0,0.0,0.0,0.0,0.0,0.0,0.0,0.0,0.0,14200.0,23508.0,16753.0,31243.0,2432.0,1476.0,162751.0,857630.0,0.0,0.0
2026-03,KARNATAKA BANK,KARNATAKA BANK LTD,Private sector,976.0,498.0,9079.0,0.0,0.0,144404.0,0.0,5581032.0,0.0,0.0,0.0,0.0,0.0,0.0,0.0,0.0,561832.0,1293046.0,43406.0,157250.0,0.0,0.0,3229907.0,17338171.0,0.0,0.0
2026-03,KARUR VYSYA BANK,KARUR VYSYA BANK LTD,Private sector,1597.0,616.0,6655.0,162.0,47247.0,7405.0,9535.0,5336127.0,20995.0,148827.0,8925.0,120794.0,0.0,0.0,403.0,3101.0,690107.0,2082345.0,97424.0,505531.0,0.0,0.0,3475558.0,19391960.0,0.0,0.0
2026-03,KEB HANA BANK,KEB HANA BANK,Foreign,1.0,0.0,0.0,0.0,0.0,0.0,0.0,1956.0,0.0,0.0,0.0,0.0,0.0,0.0,0.0,0.0,1073.0,3325.0,157.0,390.0,0.0,0.0,278.0,1662.0,0.0,0.0
2026-03,KOOKMIN BANK,KOOKMIN BANK,Foreign,0.0,0.0,0.0,0.0,0.0,0.0,0.0,405.0,0.0,0.0,0.0,0.0,0.0,0.0,0.0,0.0,261.0,838.0,189.0,518.0,0.0,0.0,123.0,798.0,0.0,0.0
2026-03,KOTAK MAHINDRA BANK,KOTAK MAHINDRA BANK LTD,Private sector,2014.0,713.0,79218.0,0.0,172785.0,810349.0,4664877.0,36979864.0,15981419.0,29444266.0,4459664.0,35559396.0,0.0,0.0,30678.0,169043.0,1653213.0,5285608.0,2049230.0,7695136.0,0.0,0.0,9233050.0,54925768.0,0.0,0.0
2026-03,NAINITAL BANK,NAINITAL BANK LTD,Private sector,0.0,0.0,0.0,0.0,0.0,65.0,0.0,151749.0,0.0,0.0,0.0,0.0,0.0,0.0,0.0,0.0,9915.0,21290.0,3163.0,9182.0,0.0,0.0,56960.0,303607.0,0.0,0.0
2026-03,NSDL PAYMENTS BANK,NSDL PAYMENTS BANK,Payments bank,0.0,0.0,0.0,261731.0,0.0,0.0,0.0,3285528.0,0.0,0.0,0.0,0.0,0.0,0.0,0.0,0.0,18171.0,31465.0,13708.0,33387.0,0.0,0.0,477623.0,1359536.0,0.0,0.0
2026-03,PAYTM PAYMENTS BANK,PAYTM PAYMENTS BANK,Payments bank,0.0,0.0,0.0,0.0,0.0,0.0,0.0,26730297.0,0.0,0.0,0.0,0.0,0.0,0.0,0.0,0.0,23.0,22.0,170.0,36.0,0.0,0.0,13.0,66.0,0.0,0.0
2026-03,PUNJAB AND SIND BANK,PUNJAB AND SIND BANK,Public sector,1122.0,39.0,1297.0,2125.0,1437.0,209815.0,0.0,3798539.0,0.0,0.0,0.0,0.0,0.0,0.0,0.0,0.0,42748.0,141099.0,197405.0,554351.0,0.0,0.0,1290259.0,6808180.0,0.0,0.0
2026-03,PUNJAB NATIONAL BANK,PUNJAB NATIONAL BANK,Public sector,7304.0,3761.0,27225.0,0.0,132030.0,1042307.0,856923.0,41207754.0,390248.0,1923612.0,365171.0,1779863.0,4.0,135.0,6462.0,22308.0,3201196.0,9195314.0,658663.0,1844787.0,0.0,0.0,22004385.0,119066872.0,0.0,0.0
2026-03,RBL BANK,RBL BANK LTD,Private sector,384.0,31.0,2645836.0,0.0,1595.0,52434.0,4626035.0,1682774.0,4434438.0,27223771.0,7041739.0,49034577.0,0.0,0.0,32545.0,174769.0,103737.0,402266.0,71586.0,498284.0,67.0,5715.0,378752.0,2306068.0,0.0,0.0
2026-03,SBM BANK INDIA,SBM BANK INDIA LTD,Foreign,0.0,0.0,0.0,0.0,0.0,97.0,868063.0,861552.0,120661.0,182902.0,351432.0,411971.0,0.0,0.0,1851.0,6027.0,7571.0,25770.0,9817.0,39623.0,0.0,0.0,25988.0,122364.0,0.0,0.0
2026-03,SHIVALIK SMALL FINANCE BANK,SHIVALIK SMALL FINANCE BANK LTD,Small finance,0.0,0.0,0.0,0.0,0.0,0.0,0.0,37974.0,0.0,0.0,0.0,0.0,0.0,0.0,0.0,0.0,1325.0,3778.0,462.0,1640.0,0.0,0.0,13107.0,74819.0,0.0,0.0
2026-03,SLICE SMALL FINANCE BANK,SLICE SMALL FINANCE BANK LTD,Small finance,3.0,2.0,0.0,0.0,0.0,18516.0,170945.0,4794082.0,2411532.0,1224204.0,525194.0,570415.0,0.0,0.0,0.0,0.0,9044.0,20189.0,38227.0,121488.0,0.0,0.0,70288.0,399546.0,2556.0,10731.0
2026-03,SOUTH INDIAN BANK,SOUTH INDIAN BANK,Private sector,913.0,360.0,13806.0,0.0,34043.0,114663.0,343461.0,4164495.0,446363.0,2149370.0,640069.0,3259031.0,0.0,0.0,0.0,0.0,682267.0,2175670.0,143966.0,1148507.0,0.0,0.0,2447790.0,13762593.0,0.0,0.0
2026-03,STANDARD CHARTERED BANK,STANDARD CHARTERED BANK LTD,Foreign,98.0,36.0,0.0,0.0,0.0,0.0,638169.0,844788.0,718411.0,2979747.0,913776.0,4926630.0,0.0,0.0,1215.0,8784.0,175648.0,876667.0,111707.0,461397.0,23.0,236.0,377546.0,2354979.0,0.0,0.0
2026-03,STATE BANK OF INDIA,STATE BANK OF INDIA,Public sector,28993.0,35108.0,1776451.0,54677.0,1048467.0,5973244.0,22098042.0,252538286.0,26002086.0,130988639.0,77915537.0,293429717.0,0.0,0.0,119867.0,545149.0,24737725.0,69504208.0,5778575.0,20146498.0,557.0,7209.0,146157438.0,845922513.0,7221.0,6186.0
2026-03,SURYODAY SMALL FINANCE BANK,SURYODAY SMALL FINANCE BANK LTD,Small finance,0.0,0.0,0.0,0.0,0.0,0.0,40261.0,1016439.0,5569.0,20136.0,18164.0,40346.0,0.0,0.0,0.0,0.0,5946.0,13307.0,881.0,4456.0,0.0,0.0,64059.0,300027.0,0.0,0.0
2026-03,TAMILNAD MERCANTILE BANK,TAMILNAD MERCANTILE BANK LTD,Private sector,510.0,642.0,704.0,0.0,0.0,202599.0,18012.0,2620090.0,38871.0,188531.0,16324.0,106873.0,0.0,0.0,1667.0,6946.0,254604.0,1173324.0,26326.0,184976.0,76.0,249.0,3787579.0,21423441.0,0.0,0.0
2026-03,UCO BANK,UCO BANK,Public sector,2409.0,216.0,4989.0,3568.0,138.0,1483551.0,0.0,14485979.0,0.0,0.0,0.0,0.0,0.0,0.0,0.0,0.0,712758.0,2123393.0,187572.0,550182.0,767.0,14038.0,6143903.0,31406038.0,19.0,12.0
2026-03,UJJIVAN SMALL FINANCE BANK,UJJIVAN SMALL FINANCE BANK LTD,Small finance,608.0,4.0,0.0,0.0,0.0,546707.0,0.0,6509096.0,0.0,0.0,0.0,0.0,0.0,0.0,0.0,0.0,119820.0,314976.0,20017.0,117208.0,0.0,0.0,2687138.0,13603480.0,0.0,0.0
2026-03,UNION BANK OF INDIA,UNION BANK OF INDIA,Public sector,7970.0,686.0,40772.0,8629.0,422222.0,295635.0,507820.0,56178126.0,459643.0,2224170.0,2126791.0,3551722.0,0.0,0.0,7258.0,34385.0,3408864.0,8834246.0,753514.0,2236462.0,2010.0,8079.0,41353720.0,128246233.0,16.0,12.0
2026-03,UNITY SMALL FINANCE BANK,UNITY SMALL FINANCE BANK LTD,Small finance,187.0,0.0,0.0,0.0,0.0,0.0,206986.0,118529.0,35958.0,119119.0,91959.0,315991.0,0.0,0.0,1601.0,6881.0,8180.0,19917.0,1348.0,6617.0,0.0,0.0,38147.0,194224.0,0.0,0.0
2026-03,UTKARSH SMALL FINANCE BANK,UTKARSH SMALL FINANCE BANK LTD,Small finance,365.0,8.0,0.0,787.0,0.0,42325.0,300953.0,1348699.0,19167.0,33891.0,89932.0,96027.0,3329250.0,877370.0,602.0,946.0,16691.0,64522.0,5067.0,27406.0,0.0,0.0,164733.0,1172738.0,0.0,0.0
2026-03,WOORI BANK,WOORI BANK,Foreign,0.0,0.0,0.0,0.0,0.0,0.0,0.0,1060.0,0.0,0.0,0.0,0.0,0.0,0.0,0.0,0.0,1510.0,5749.0,681.0,2239.0,0.0,0.0,0.0,0.0,0.0,0.0
2026-03,YES BANK,YES BANK LTD,Private sector,1250.0,113.0,108090.0,76031.0,112961.0,589399487.0,2903773.0,5372739.0,15844212.0,26211603.0,1847462.0,16299295.0,0.0,0.0,9524.0,52583.0,397633.0,1726674.0,71691.0,736461.0,13.0,126.0,1645995.0,10940587.0,0.0,0.0
