quarter,state,p2p_count,utility_count,merchant_count
2021-Q1,ANDAMAN AND NICOBAR ISLANDS,130833.0,99269.0,86168.0
2021-Q1,ANDHRA PRADESH,187035752.0,51307542.0,122228605.0
2021-Q1,ARUNACHAL PRADESH,717820.0,525290.0,268630.0
2021-Q1,ASSAM,8037741.0,5700478.0,3579513.0
2021-Q1,BIHAR,57601479.0,20899510.0,33189718.0
2021-Q1,CHANDIGARH,1088211.0,473914.0,1728889.0
2021-Q1,CHHATTISGARH,19316584.0,10222266.0,19091610.0
2021-Q1,DADRA AND NAGAR HAVELI AND DAMAN AND DIU,981563.0,517520.0,969125.0
2021-Q1,DELHI,46702955.0,16835054.0,56615267.0
2021-Q1,GOA,2574988.0,978889.0,2615744.0
2021-Q1,GUJARAT,35155051.0,21245003.0,36594813.0
2021-Q1,HARYANA,43022006.0,15942911.0,46819759.0
2021-Q1,HIMACHAL PRADESH,3080132.0,2606950.0,2729674.0
2021-Q1,JAMMU AND KASHMIR,2422378.0,2575293.0,1821330.0
2021-Q1,JHARKHAND,22330559.0,8783677.0,21235684.0
2021-Q1,KARNATAKA,189767892.0,53754469.0,278444938.0
2021-Q1,KERALA,16497214.0,9833672.0,17500843.0
2021-Q1,LADAKH,194706.0,94672.0,110768.0
2021-Q1,LAKSHADWEEP,6910.0,5199.0,3956.0
2021-Q1,MADHYA PRADESH,78279566.0,29616287.0,79551215.0
2021-Q1,MAHARASHTRA,173584645.0,72955854.0,241600887.0
2021-Q1,MANIPUR,553294.0,377533.0,220308.0
2021-Q1,MEGHALAYA,374973.0,350046.0,170026.0
2021-Q1,MIZORAM,177585.0,138912.0,67889.0
2021-Q1,NAGALAND,419883.0,330764.0,127106.0
2021-Q1,ODISHA,56168577.0,19039161.0,39886914.0
2021-Q1,PUDUCHERRY,1252418.0,432222.0,1443581.0
2021-Q1,PUNJAB,11070488.0,6390774.0,10008900.0
2021-Q1,RAJASTHAN,111107699.0,38694713.0,91152365.0
2021-Q1,SIKKIM,436996.0,289217.0,153480.0
2021-Q1,TAMIL NADU,56209553.0,24308721.0,55184006.0
2021-Q1,TELANGANA,166657150.0,44128809.0,181674390.0
2021-Q1,TRIPURA,841592.0,622318.0,548634.0
2021-Q1,UTTAR PRADESH,94609938.0,42868220.0,89939335.0
2021-Q1,UTTARAKHAND,8249581.0,4247882.0,9483409.0
2021-Q1,WEST BENGAL,51079144.0,25635970.0,38286845.0
2021-Q2,ANDAMAN AND NICOBAR ISLANDS,167435.0,166972.0,123565.0
2021-Q2,ANDHRA PRADESH,244005532.0,69008588.0,137701586.0
2021-Q2,ARUNACHAL PRADESH,1019755.0,749967.0,357066.0
2021-Q2,ASSAM,9999466.0,8502474.0,4119253.0
2021-Q2,BIHAR,78237915.0,32501986.0,42188486.0
2021-Q2,CHANDIGARH,1110497.0,552658.0,1673769.0
2021-Q2,CHHATTISGARH,23437224.0,14858951.0,19178737.0
2021-Q2,DADRA AND NAGAR HAVELI AND DAMAN AND DIU,1108625.0,640807.0,1065450.0
2021-Q2,DELHI,48255308.0,18473500.0,54742475.0
2021-Q2,GOA,2032902.0,1136351.0,2174178.0
2021-Q2,GUJARAT,39949396.0,27647135.0,41144828.0
2021-Q2,HARYANA,51942602.0,20392290.0,52047541.0
2021-Q2,HIMACHAL PRADESH,3654848.0,3693667.0,3324890.0
2021-Q2,JAMMU AND KASHMIR,3376159.0,3921511.0,2461450.0
2021-Q2,JHARKHAND,28958156.0,13484679.0,22645520.0
2021-Q2,KARNATAKA,213932224.0,73595718.0,240282738.0
2021-Q2,KERALA,17410034.0,15125247.0,16995197.0
2021-Q2,LADAKH,313050.0,141433.0,196095.0
2021-Q2,LAKSHADWEEP,7419.0,9953.0,3416.0
2021-Q2,MADHYA PRADESH,91032253.0,43800755.0,68475966.0
2021-Q2,MAHARASHTRA,208494008.0,95323220.0,229413959.0
2021-Q2,MANIPUR,635650.0,550077.0,250250.0
2021-Q2,MEGHALAYA,422974.0,510243.0,193215.0
2021-Q2,MIZORAM,198301.0,196749.0,74439.0
2021-Q2,NAGALAND,512516.0,464803.0,130032.0
2021-Q2,ODISHA,70199957.0,28140708.0,39885033.0
2021-Q2,PUDUCHERRY,1279040.0,571970.0,1385293.0
2021-Q2,PUNJAB,13202084.0,8335415.0,11144498.0
2021-Q2,RAJASTHAN,132454889.0,51789864.0,90192431.0
2021-Q2,SIKKIM,496633.0,408180.0,160006.0
2021-Q2,TAMIL NADU,58488704.0,33606899.0,50846255.0
2021-Q2,TELANGANA,209768440.0,57938162.0,193360174.0
2021-Q2,TRIPURA,953822.0,846661.0,628463.0
2021-Q2,UTTAR PRADESH,116290503.0,63727920.0,93709752.0
2021-Q2,UTTARAKHAND,9520718.0,5917433.0,9938227.0
2021-Q2,WEST BENGAL,61512765.0,36102795.0,41133183.0
2021-Q3,ANDAMAN AND NICOBAR ISLANDS,231422.0,186637.0,169369.0
2021-Q3,ANDHRA PRADESH,283896229.0,73567732.0,195005296.0
2021-Q3,ARUNACHAL PRADESH,1295459.0,812004.0,445416.0
2021-Q3,ASSAM,12915370.0,9291264.0,6486596.0
2021-Q3,BIHAR,92724849.0,31570844.0,60516429.0
2021-Q3,CHANDIGARH,1505884.0,639374.0,2650201.0
2021-Q3,CHHATTISGARH,31909232.0,15486870.0,33321770.0
2021-Q3,DADRA AND NAGAR HAVELI AND DAMAN AND DIU,1642468.0,761155.0,1727177.0
2021-Q3,DELHI,67534917.0,22523596.0,82693069.0
2021-Q3,GOA,2861832.0,1267079.0,3288618.0
2021-Q3,GUJARAT,54390293.0,30725112.0,61450401.0
2021-Q3,HARYANA,66050125.0,22571715.0,77143949.0
2021-Q3,HIMACHAL PRADESH,4692458.0,3705835.0,4599348.0
2021-Q3,JAMMU AND KASHMIR,4549759.0,4492677.0,3104332.0
2021-Q3,JHARKHAND,36049192.0,14028016.0,35362822.0
2021-Q3,KARNATAKA,284775729.0,79090457.0,382783587.0
2021-Q3,KERALA,24038832.0,15339519.0,26792845.0
2021-Q3,LADAKH,479271.0,181030.0,269662.0
2021-Q3,LAKSHADWEEP,10295.0,9413.0,4919.0
2021-Q3,MADHYA PRADESH,118679995.0,43359373.0,124505570.0
2021-Q3,MAHARASHTRA,268139750.0,104019441.0,362427389.0
2021-Q3,MANIPUR,835511.0,600525.0,336219.0
2021-Q3,MEGHALAYA,544751.0,548454.0,261011.0
2021-Q3,MIZORAM,249407.0,212555.0,93972.0
2021-Q3,NAGALAND,649798.0,482981.0,183947.0
2021-Q3,ODISHA,88531048.0,29812656.0,65021952.0
2021-Q3,PUDUCHERRY,1758454.0,623569.0,2208281.0
2021-Q3,PUNJAB,16413165.0,9024573.0,16218466.0
2021-Q3,RAJASTHAN,175069182.0,53490251.0,155512206.0
2021-Q3,SIKKIM,641409.0,418872.0,234862.0
2021-Q3,TAMIL NADU,80872706.0,36222902.0,83456564.0
2021-Q3,TELANGANA,252405062.0,63692205.0,276644191.0
2021-Q3,TRIPURA,1152547.0,900667.0,823202.0
2021-Q3,UTTAR PRADESH,145996374.0,63220283.0,141458681.0
2021-Q3,UTTARAKHAND,12313894.0,6126336.0,14740374.0
2021-Q3,WEST BENGAL,79783224.0,39116796.0,57001307.0
2021-Q4,ANDAMAN AND NICOBAR ISLANDS,300209.0,162945.0,259587.0
2021-Q4,ANDHRA PRADESH,288996866.0,64264055.0,223299270.0
2021-Q4,ARUNACHAL PRADESH,1394700.0,761738.0,624665.0
2021-Q4,ASSAM,15760519.0,9233797.0,10034417.0
2021-Q4,BIHAR,102626865.0,28850796.0,80117478.0
2021-Q4,CHANDIGARH,1508876.0,547261.0,2956450.0
2021-Q4,CHHATTISGARH,35131434.0,13634340.0,42220296.0
2021-Q4,DADRA AND NAGAR HAVELI AND DAMAN AND DIU,1752030.0,668701.0,2297983.0
2021-Q4,DELHI,69394557.0,19381497.0,91396064.0
2021-Q4,GOA,4502621.0,1323738.0,5639629.0
2021-Q4,GUJARAT,56399845.0,27265731.0,71950994.0
2021-Q4,HARYANA,67543542.0,20117157.0,85064659.0
2021-Q4,HIMACHAL PRADESH,4865930.0,3104536.0,5779795.0
2021-Q4,JAMMU AND KASHMIR,4805709.0,4185175.0,4460916.0
2021-Q4,JHARKHAND,40807294.0,12830291.0,46792105.0
2021-Q4,KARNATAKA,299544336.0,73377637.0,428409513.0
2021-Q4,KERALA,25988637.0,13172187.0,35632663.0
2021-Q4,LADAKH,416036.0,155738.0,285865.0
2021-Q4,LAKSHADWEEP,11408.0,8630.0,5279.0
2021-Q4,MADHYA PRADESH,127810835.0,38984765.0,154372079.0
2021-Q4,MAHARASHTRA,286423482.0,93550357.0,441281724.0
2021-Q4,MANIPUR,855988.0,558055.0,368527.0
2021-Q4,MEGHALAYA,686100.0,523584.0,348960.0
2021-Q4,MIZORAM,266273.0,191265.0,107464.0
2021-Q4,NAGALAND,692273.0,454766.0,222754.0
2021-Q4,ODISHA,97365421.0,25597121.0,89306095.0
2021-Q4,PUDUCHERRY,1825625.0,556670.0,2550628.0
2021-Q4,PUNJAB,17253838.0,8060225.0,19076362.0
2021-Q4,RAJASTHAN,179543868.0,48371763.0,182274484.0
2021-Q4,SIKKIM,766037.0,384951.0,347103.0
2021-Q4,TAMIL NADU,86906217.0,32518385.0,99367500.0
2021-Q4,TELANGANA,268871846.0,57265743.0,316270714.0
2021-Q4,TRIPURA,1220840.0,832667.0,944059.0
2021-Q4,UTTAR PRADESH,164806510.0,57980385.0,177938209.0
2021-Q4,UTTARAKHAND,13030803.0,5402025.0,18480818.0
2021-Q4,WEST BENGAL,87580931.0,34629128.0,67551823.0
