month,card_total_volume_lakh,card_total_value_crore,credit_total_volume_lakh,credit_total_value_crore,credit_pos_volume_lakh,credit_pos_value_crore,credit_other_volume_lakh,credit_other_value_crore,debit_total_volume_lakh,debit_total_value_crore,debit_pos_volume_lakh,debit_pos_value_crore,debit_other_volume_lakh,debit_other_value_crore,ppi_total_volume_lakh,ppi_total_value_crore,ppi_wallets_volume_lakh,ppi_wallets_value_crore,ppi_cards_volume_lakh,ppi_cards_value_crore,ppi_card_pos_volume_lakh,ppi_card_pos_value_crore,ppi_card_other_volume_lakh,ppi_card_other_value_crore,rbi_release_id,rbi_release_page_url,official_xlsx_url
2025-01,5522.42,223090,4305.72,184126,2177.43,69429,2128.29,114697,1216.69,38963,910.91,25999,305.78,12965,6547.10,19496,4875.14,14700,1671.97,4796,701.18,1000,970.79,3796,44,https://www.rbi.org.in/Scripts/PSIUserView.aspx?Id=44,https://rbidocs.rbi.org.in/rdocs/PSI/DOCs/PSIJANUARY2025CEB7BF70B0F54695B479CA570EB1584F.XLSX
2025-02,5052.09,201522,3969.59,167208,1999.96,62125,1969.63,105083,1082.50,34314,803.42,23216,279.07,11098,6398.44,19236,4850.75,14404,1547.69,4833,641.84,969,905.86,3863,45,https://www.rbi.org.in/Scripts/PSIUserView.aspx?Id=45,https://rbidocs.rbi.org.in/rdocs/PSI/DOCs/PSIFEBRUARY2025D03CC8610BC74EB9B2F855F641B0047F.XLSX
2025-03,5789.52,240549,4586.50,201494,2302.66,71473,2283.84,130021,1203.02,39055,895.82,25818,307.20,13237,6783.69,21465,5061.17,16077,1722.52,5388,648.24,1016,1074.28,4372,46,https://www.rbi.org.in/Scripts/PSIUserView.aspx?Id=46,https://rbidocs.rbi.org.in/rdocs/PSI/DOCs/PSIMARCH24042025B392941E3F7346759B014AEEC4E572DB.XLSX
2025-04,5673.64,222351,4502.70,184237,2281.41,67899,2221.29,116338,1170.93,38113,875.30,26187,295.63,11926,6768.43,21254,5157.38,15896,1611.04,5358,649.25,1093,961.79,4265,47,https://www.rbi.org.in/Scripts/PSIUserView.aspx?Id=47,https://rbidocs.rbi.org.in/rdocs/PSI/DOCs/PSIAPRIL22052025865581C238FB4B5780610A00492F7BF7.XLSX
2025-05,5827.40,226810,4676.93,189832,2359.14,69607,2317.79,120224,1150.47,36978,861.57,24735,288.90,12243,7106.39,20722,5474.25,16668,1632.13,4053,650.54,981,981.59,3072,48,https://www.rbi.org.in/Scripts/PSIUserView.aspx?Id=48,https://rbidocs.rbi.org.in/rdocs/PSI/DOCs/PSIMAY230620259566FCD300264D77A56496EF2BE96E39.XLSX
2025-06,5672.82,218552,4587.10,183088,2338.70,67468,2248.41,115620,1085.72,35463,812.90,23079,272.82,12384,6868.39,20740,5338.82,17308,1529.57,3432,595.05,888,934.51,2544,49,https://www.rbi.org.in/Scripts/PSIUserView.aspx?Id=49,https://rbidocs.rbi.org.in/rdocs/PSI/DOCs/PSIJUNE22072025163AC61C242448A18AFBD0F1E9B2A234.XLSX
2025-07,5982.42,231987,4861.81,193849,2432.75,70380,2429.06,123469,1120.61,38138,832.19,23921,288.42,14216,7124.06,20758,5431.45,16915,1692.61,3842,660.66,908,1031.95,2935,50,https://www.rbi.org.in/Scripts/PSIUserView.aspx?Id=50,https://rbidocs.rbi.org.in/rdocs/PSI/DOCs/PSIJULY2025A66B453678F744F1929AD60E01D52FE1.XLSX
2025-08,6055.24,228565,4934.43,191159,2500.52,72747,2433.91,118412,1120.80,37406,843.59,24663,277.21,12743,7966.16,22253,6246.19,17169,1719.97,5083,669.51,1030,1050.45,4054,51,https://www.rbi.org.in/Scripts/PSIUserView.aspx?Id=51,https://rbidocs.rbi.org.in/rdocs/PSI/DOCs/PSIAUGUST20253E4CD7C42FAE4896B92ABF9DD425B33D.XLSX
2025-09,5999.81,253483,4952.41,216707,2416.15,72544,2536.26,144163,1047.40,36776,777.57,22773,269.83,14003,8551.51,22637,6871.58,17183,1679.93,5454,688.72,1092,991.22,4362,52,https://www.rbi.org.in/Scripts/PSIUserView.aspx?Id=52,https://rbidocs.rbi.org.in/rdocs/PSI/DOCs/PSISEPTEMBER20258A442C5802534790AFD24217FAA566F8.XLSX
2025-10,6279.14,256373,5182.90,214230,2609.42,88357,2573.48,125873,1096.25,42143,828.79,29104,267.46,13039,8939.26,24227,7281.56,18515,1657.70,5712,649.16,1274,1008.54,4437,53,https://www.rbi.org.in/Scripts/PSIUserView.aspx?Id=53,https://rbidocs.rbi.org.in/rdocs/PSI/DOCs/PSIOCTOBER20255937C762A8E04D62AB943A69170959ED.XLSX
2025-11,6041.95,222942,5029.84,188799,2538.40,75640,2491.45,113159,1012.11,34143,763.31,22754,248.80,11389,8973.35,24639,7347.33,19265,1626.02,5374,682.35,1365,943.66,4010,54,https://www.rbi.org.in/Scripts/PSIUserView.aspx?Id=54,https://rbidocs.rbi.org.in/rdocs/PSI/DOCs/PSINOVEMBER2025F3C36563A3A9490C8A780F848C96E32E.XLSX
2025-12,6447.58,241961,5398.34,204687,2726.32,78476,2672.02,126210,1049.24,37274,794.35,24599,254.89,12675,9755.15,27044,8094.62,20834,1660.53,6210,694.23,1391,966.30,4819,55,https://www.rbi.org.in/Scripts/PSIUserView.aspx?Id=55,https://rbidocs.rbi.org.in/rdocs/PSI/DOCs/PSIDECEMBER2025773DD2CE9DBA42A1B3A1473C9E67A638.XLSX
