basket,fiscal_year,rail,months,volume_mn,value_nominal_crore,value_real_mar2026_crore,average_ticket_nominal_rs,average_ticket_real_mar2026_rs,volume_share_pct,value_share_pct
merchant,FY2022-23,UPI P2M,12,42601.15,3074564.43,3496310.23628,721.709257,820.707947,87.049197,58.801255
merchant,FY2022-23,credit card,12,2916.327,1433031.0,1631481.392634,4913.821392,5594.301985,5.959086,27.406816
merchant,FY2022-23,debit card,12,3421.688,721144.0,822216.872182,2107.567961,2402.95688,6.991717,13.791928
merchant,FY2023-24,UPI P2M,12,77599.51,5056989.71,5459288.793438,651.678047,703.521039,92.993935,67.604928
merchant,FY2023-24,credit card,12,3560.008,1830763.0,1978100.870663,5142.58114,5556.450633,4.266253,24.474758
merchant,FY2023-24,debit card,12,2286.257,592456.0,641108.071886,2591.379709,2804.181997,2.739812,7.920314
merchant,FY2024-25,UPI P2M,12,115966.78,7187095.83,7423491.951869,619.754712,640.139525,94.778761,73.393118
merchant,FY2024-25,credit card,12,4774.367,2109350.0,2178644.758674,4418.072595,4563.211749,3.902054,21.540241
merchant,FY2024-25,debit card,12,1614.092,496156.0,512929.544878,3073.901612,3177.820997,1.319185,5.066641
merchant,FY2025-26,UPI P2M,12,152311.65,9093029.14,9201411.267167,597.001552,604.117365,95.424104,76.405826
merchant,FY2025-26,credit card,12,6023.628,2362460.0,2391603.645693,3921.988542,3970.370756,3.773837,19.850998
merchant,FY2025-26,debit card,12,1280.211,445474.0,451139.193145,3479.69202,3523.944046,0.802059,3.743176
transfer,FY2016-17,IMPS,12,506.85,411860.62,,8125.887738,,96.596215,98.340036
transfer,FY2016-17,UPI total,12,17.86,6952.14,,3892.575588,,3.403785,1.659964
transfer,FY2017-18,IMPS,12,1009.84,892498.12,,8838.015131,,52.457586,89.04235
transfer,FY2017-18,UPI total,12,915.22,109831.8,,1200.059002,,47.542414,10.95765
transfer,FY2018-19,IMPS,12,1752.91,1590256.84,,9072.096343,,24.535337,64.455215
transfer,FY2018-19,UPI total,12,5391.52,876970.72,,1626.574176,,75.464663,35.544785
transfer,FY2019-20,IMPS,12,2579.08,2337390.0,,9062.882888,,17.082613,52.300899
transfer,FY2019-20,UPI total,12,12518.61,2131730.14,,1702.848911,,82.917387,47.699101
transfer,FY2020-21,IMPS,12,3278.14,2941495.57,,8973.062682,,12.800839,41.75207
transfer,FY2020-21,UPI total,12,22330.65,4103653.58,,1837.677622,,87.199161,58.24793
transfer,FY2021-22,IMPS,12,4659.68,4168646.02,,8946.206649,,9.203904,33.120719
transfer,FY2021-22,UPI total,12,45967.53,8417572.48,,1831.199649,,90.796096,66.879281
transfer,FY2022-23,IMPS,12,5653.73,5586148.02,6361702.685741,9880.464791,11252.222313,6.323738,28.636891
transfer,FY2022-23,UPI total,12,83751.14,13920676.35,15841384.042385,1662.147685,1891.482796,93.676262,71.363109
transfer,FY2023-24,IMPS,12,6003.76,6493903.73,7020146.608109,10816.394609,11692.916786,4.378038,24.515483
transfer,FY2023-24,UPI total,12,131129.83,19995085.51,21600020.065554,1524.831193,1647.223981,95.621962,75.484517
transfer,FY2024-25,IMPS,12,5624.94,7139109.97,7379753.516754,12691.886438,13119.701751,2.937444,21.505892
transfer,FY2024-25,UPI total,12,185866.02,26056954.65,26917446.087247,1401.921376,1448.217705,97.062556,78.494108
transfer,FY2025-26,IMPS,12,4943.1,7669928.98,7764881.641427,15516.43499,15708.526312,2.004827,19.619609
transfer,FY2025-26,UPI total,12,241616.88,31423249.71,31803724.667734,1300.540331,1316.287367,97.995173,80.380391
