month,credit_cards_outstanding_lakh,debit_cards_outstanding_lakh,pos_terminals_lakh,bharat_qr_codes_lakh,upi_qr_codes_lakh,atms_lakh,card_pos_txn_per_pos_terminal,upi_p2m_txn_per_upi_qr,credit_txn_per_credit_card,debit_txn_per_debit_card
2021-06,628.15,9060.08,45.93,49.33,1018.06,2.4,49.103201,12.351237,2.462803,0.332951
2021-07,634.14,9060.36,46.08,51.23,1070.08,2.4,60.805339,13.700191,2.870801,0.375854
2021-08,639.34,9138.11,47.48,52.69,1092.04,2.41,65.38016,14.740669,2.979182,0.392673
2021-09,650.25,9203.03,49.77,52.85,1196.08,2.41,60.569218,13.989532,2.840769,0.379254
2021-10,663.61,9340.46,51.55,45.59,1283.81,2.41,65.524539,13.331646,3.24861,0.412501
2021-11,675.83,9340.07,52.92,45.41,1373.33,2.42,60.107899,11.931145,2.975837,0.364778
2021-12,689.49,9377.42,54.98,46.47,1440.1,2.49,59.948891,12.181793,3.063989,0.373153
2022-01,702.52,9409.29,56.2,46.97,1521.05,2.51,51.337011,12.225371,2.78718,0.339345
2022-02,717.08,9350.66,58.34,48.27,1600.19,2.54,48.146212,11.847593,2.627657,0.316148
2022-03,736.27,9176.66,60.7,49.72,1727.34,2.48,52.973476,12.762398,3.03898,0.357199
2022-04,751.66,9205.18,61.26,40.9,1807.21,2.49,53.618022,12.523171,2.965836,0.359783
2022-05,768.77,9233.33,61.69,41.38,1880.15,2.52,54.636408,13.54493,3.093188,0.359592
2022-06,787.23,9217.52,65.91,42.8,1951.71,2.53,48.906236,13.117113,2.895545,0.336243
2022-07,802.56,9281.34,68.19,45.21,2013.02,2.54,48.014225,14.899256,2.926062,0.33761
2022-08,779.91,9348.59,70.58,47.49,2092.54,2.54,47.360584,15.724287,3.138606,0.324484
2022-09,777.02,9385.38,70.35,48.64,2164.3,2.55,45.565458,16.389549,3.16616,0.309318
2022-10,793.68,9394.61,72.11,47.19,2253.23,2.55,48.557066,17.169841,3.227157,0.316407
2022-11,806.65,9477.28,73.52,48.25,2302.87,2.55,42.325082,16.969955,2.915031,0.276233
2022-12,811.87,9394.66,75.5,49.59,2379.44,2.57,43.823311,17.765945,3.148866,0.283893
2023-01,824.52,9455.81,76.57,50.57,2442.34,2.58,41.161029,18.060303,3.145491,0.265455
2023-02,833.66,9541.22,77.58,52.22,2500.89,2.57,36.579402,16.606888,2.786748,0.237424
2023-03,853.03,9612.59,77.9,53.82,2563.77,2.59,39.241977,18.824817,3.088156,0.247852
2023-04,865.13,9670.12,78.37,54.36,2609.08,2.55,38.817915,19.27783,2.996717,0.237368
2023-05,877.47,9739.26,79.61,55.45,2667.57,2.56,37.84512,20.129556,3.116619,0.229973
2023-06,886.82,9758.33,80.94,56.88,2720.15,2.59,35.561774,19.718141,2.964581,0.21543
2023-07,898.73,9707.41,81.23,58.06,2807.25,2.59,35.865936,20.590222,3.083028,0.216465
2023-08,912.78,9780.57,82.47,58.99,2881.64,2.6,36.579968,21.50574,3.18344,0.212276
2023-09,930.17,9667.88,83.02,59.82,2950.06,2.58,33.089015,20.957438,2.945085,0.190253
2023-10,947.11,9801.71,83.48,59.75,3017.2,2.58,35.605774,22.270217,3.379206,0.194358
2023-11,960.01,9791.3,84.32,58.74,3087.39,2.58,34.22213,21.331319,3.094655,0.180942
2023-12,979.05,9608.94,85.67,59.57,3170.66,2.58,35.12945,22.914598,3.283796,0.184013
2024-01,995.0,9575.65,85.93,60.04,3213.79,2.58,33.966833,23.181135,3.30605,0.171925
2024-02,1006.0,9606.71,87.73,61.5,3371.8,2.57,31.092671,21.828044,3.093877,0.158477
2024-03,1018.03,9649.19,89.03,62.5,3462.03,2.58,33.290015,23.962733,3.378466,0.165273
2024-04,1025.4,9694.15,88.39,60.59,3195.01,2.57,33.597579,26.00139,3.356261,0.156652
2024-05,1033.0,9747.74,88.04,61.21,3300.27,2.57,34.313494,26.67912,3.486312,0.154274
2024-06,1038.13,9797.1,89.67,61.64,3401.24,2.56,32.998773,25.639914,3.448017,0.145343
2024-07,1045.68,9804.62,89.72,61.87,3286.4,2.55,33.878065,27.384342,3.670148,0.148559
2024-08,1054.92,9857.1,93.01,63.97,3412.1,2.55,33.171057,27.3652,3.697607,0.144307
2024-09,1061.13,9907.18,93.43,64.16,6069.95,2.55,31.852296,15.408496,3.695702,0.136632
2024-10,1068.9,9984.13,95.09,64.31,6167.67,2.56,34.28962,16.705141,4.052896,0.144416
2024-11,1072.4,9936.38,96.91,63.6,6260.92,2.55,30.495821,15.411265,3.67031,0.124289
2024-12,1080.56,9909.48,100.01,63.83,6334.39,2.55,32.09679,16.409441,4.008311,0.129456
2025-01,1088.73,9820.39,103.53,64.43,6400.67,2.57,29.830387,16.513506,3.95481,0.123894
2025-02,1093.15,9856.77,107.18,65.48,6496.91,2.58,26.155813,15.494658,3.631331,0.109823
2025-03,1098.85,9908.12,110.98,67.18,6579.3,2.56,28.820328,17.419877,4.173909,0.121418
2025-04,1104.36,9959.84,112.91,66.84,6624.75,2.55,27.957754,17.138156,4.077203,0.117565
2025-05,1111.98,10003.7,115.89,66.64,6698.2,2.57,27.791095,17.696784,4.205948,0.115004
2025-06,1111.97,10051.8,117.91,67.21,6782.51,2.51,26.728861,17.264081,4.125201,0.108012
2025-07,1116.23,10127.27,119.21,66.64,6881.22,2.49,27.388139,18.002781,4.355563,0.110653
2025-08,1123.14,10180.42,119.73,65.97,6978.38,2.49,27.930427,18.206461,4.393424,0.110094
2025-09,1133.9,10248.24,121.24,60.95,7090.66,2.49,26.342131,17.441211,4.36759,0.102203
2025-10,1140.18,10271.5,123.17,60.73,7175.25,2.5,27.914346,18.156245,4.545686,0.106727
2025-11,1148.66,10299.96,112.54,59.53,7282.89,2.51,29.338102,17.631037,4.378876,0.098263
2025-12,1157.84,10343.46,114.75,58.9,7313.65,2.5,30.68122,18.434544,4.662423,0.10144
2026-01,1166.52,10377.57,115.25,57.97,7384.2,2.52,29.918872,18.428672,4.626676,0.098124
2026-02,1177.04,10417.67,116.65,58.97,7542.04,2.53,26.778997,16.96594,4.195227,0.088035
2026-03,1186.34,10447.56,117.69,56.33,7612.17,2.54,30.501062,18.62867,4.867711,0.096977
