id,group,title,verdict,estimate,consistency,test,data
B1,Banks,The debit-card decline is broad-based across banks,Supported,"20 of 20 banks fell (p = 9.5e-07); excluding SBI: -28.6% a year [95% CI -33.0%, -23.9%]",37 of the 37 year-on-year changes were below zero,"Two parts. (1) Sign test: annualised change in each bank's debit-card payments, FY2022-23 to FY2025-26, for the 20 largest issuers in FY2022-23; supported if one-sided binomial p < 0.05. (2) Drift test on all other banks' combined monthly debit payments (excluding SBI), Newey-West (12-lag) SE.","RBI Bank-wise ATM/PoS/Card Statistics (monthly, Mar 2022–Mar 2026)"
B2,Banks,Public-sector banks' debit use per card falls faster,Contradicted,"+0.082 log points a year [95% CI +0.041, +0.123]",37 of the 37 year-on-year monthly changes were above zero,"Mean of [Δ12 ln(PSB payments per card) − Δ12 ln(private payments per card)]. Mean year-on-year log change, Newey-West (12-lag) standard errors, 37 months Mar 2023–Mar 2026. Supported if the 95% interval is below zero.","RBI Bank-wise ATM/PoS/Card Statistics (monthly, Mar 2022–Mar 2026)"
B3,Banks,Credit-card payments concentrate in private banks,Not supported,"+0.015 log points a year [95% CI -0.043, +0.074]",21 of the 37 year-on-year monthly changes were above zero,"Mean of Δ12 log-odds(private-bank share of credit-card payments). Mean year-on-year log change, Newey-West (12-lag) standard errors, 37 months Mar 2023–Mar 2026. Supported if the 95% interval is above zero.","RBI Bank-wise ATM/PoS/Card Statistics (monthly, Mar 2022–Mar 2026)"
B4,Banks,Banks whose customers adopt UPI faster lose debit use faster,Not supported,"b = -0.086 [95% CI -0.549, +0.377], n = 35 banks","Without the card-base control, b = +0.426",Cross-section of banks present in both RBI bank-wise card data and NPCI's top-50 UPI member list in every month of FY2022-23 and FY2025-26. OLS with heteroskedasticity-robust (HC1) SE. Supported if b < 0 with the 95% interval below zero.,"RBI Bank-wise ATM/PoS/Card Statistics (monthly, Mar 2022–Mar 2026); NPCI UPI ecosystem statistics: Top 50 member banks (volume)"
P1,UPI apps,The two leading apps gain share,Not supported,"+0.044 log points a year [95% CI -0.179, +0.267]",26 of the 39 year-on-year monthly changes were above zero,"Mean of Δ12 log-odds(PhonePe + Google Pay share of UPI volume). Mean year-on-year log change, Newey-West (12-lag) standard errors, 39 months Jan 2023–Mar 2026. Supported if the 95% interval is above zero.",NPCI UPI ecosystem statistics: UPI Applications
P2,UPI apps,Paytm's lost share went to the two leaders,Supported,"Level shift δ = -0.485 (-38.4%) [95% CI -0.648, -0.323]; leaders captured 89% of Paytm's lost share",Paytm 12.9% → 8.2%; PhonePe + Google Pay 82.6% → 86.7%,"(1) Known-date break in ln(Paytm share) at Feb 2024 with separate pre/post trends; Newey-West (12-lag) SE; supported if the level shift δ < 0 with its 95% interval below zero. (2) Share capture = gain in leaders' share ÷ loss in Paytm's share, Nov 2023–Jan 2024 average vs Apr–Jun 2024 average; supported if above 0.5.",NPCI UPI ecosystem statistics: UPI Applications
P3,UPI apps,Smaller apps grow their share,Not supported,"+0.233 log points a year [95% CI -0.078, +0.545]",27 of the 39 year-on-year monthly changes were above zero,"Mean of Δ12 log-odds(share of apps outside the top 3). Mean year-on-year log change, Newey-West (12-lag) standard errors, 39 months Jan 2023–Mar 2026. Supported if the 95% interval is above zero.",NPCI UPI ecosystem statistics: UPI Applications
R1,States,Digital payments spread beyond the leading states,Supported,"-0.047 log points a year [95% CI -0.074, -0.021]",13 of the 13 year-on-year quarterly changes were below zero,"Mean of Δ4 log-odds(top-5 states' share of PhonePe transactions). Mean year-on-year log change, Newey-West (4-lag) standard errors, 13 quarters Q1 2023–Q1 2026. Supported if the 95% interval is below zero.","PhonePe Pulse open data (CDLA-Permissive-2.0), state transaction counts by category"
R2,States,Merchant payments gain share in most states,Supported,"36 of 36 states rose (p = 1.5e-11); national +0.134 log points a year [95% CI +0.095, +0.172]",13 of the 13 year-on-year quarterly changes were above zero,"(1) Sign test across 36 states/UTs: merchant share of transactions in calendar 2025 vs 2022; supported if one-sided binomial p < 0.05. (2) National PhonePe merchant share: mean Δ4 log-odds, Newey-West (4-lag) SE, Q1 2023–Q1 2026.","PhonePe Pulse open data (CDLA-Permissive-2.0), state transaction counts by category"
R3,States,States with low merchant use catch up,Supported,"b = -0.194 [95% CI -0.263, -0.124], n = 36",Half-gap closes in about 3.6 years,"Cross-section of 36 states/UTs: annualised change in log-odds merchant share, 2022–2025, on its 2022 level; OLS with HC1 SE. Supported if b < 0 with the 95% interval below zero.","PhonePe Pulse open data (CDLA-Permissive-2.0), state transaction counts by category"
