month,card_source,upi_n,imps_n,p2m_n,debit_n,debit_v,credit_n,credit_v,debit_n_bank,debit_n_psi,credit_n_bank,credit_n_psi
2014-06,RBI bank-wise total x k,,,,59.77,9360.878,48.262,14860.599,59.563,,48.262,
2014-07,RBI bank-wise total x k,,,,64.887,10001.51,50.916,15266.83,64.663,,50.916,
2014-08,RBI bank-wise total x k,,,,67.894,10574.582,50.542,15079.009,67.659,,50.542,
2014-09,RBI bank-wise total x k,,,,65.016,9807.257,50.174,15184.38,64.791,,50.174,
2014-10,RBI bank-wise total x k,,,,73.894,12069.036,54.576,17120.423,73.638,,54.576,
2014-11,RBI bank-wise total x k,,,,70.319,10445.294,48.262,14947.729,70.076,,48.262,
2014-12,RBI bank-wise total x k,,,,73.874,11205.291,56.092,17186.564,73.619,,56.092,
2015-01,RBI bank-wise total x k,,,,74.723,11401.695,56.172,17352.874,74.465,,56.172,
2015-02,RBI bank-wise total x k,,,,68.138,8240.87,49.549,15454.61,67.902,,49.548,
2015-03,RBI bank-wise total x k,,,,76.37,10930.384,56.907,17898.835,76.106,,56.907,
2015-04,RBI bank-wise total x k,,,,80.403,11607.497,57.304,17921.605,80.125,,57.304,
2015-05,RBI bank-wise total x k,,,,89.278,12441.494,60.133,18865.657,88.969,,60.133,
2015-06,RBI bank-wise total x k,,,,86.933,11637.436,62.198,17222.774,86.632,,62.198,
2015-07,RBI bank-wise total x k,,,,95.299,14139.227,64.787,19611.238,94.97,,64.787,
2015-08,RBI bank-wise total x k,,,,97.077,13684.228,65.525,19912.849,96.741,,65.524,
2015-09,RBI bank-wise total x k,,,,90.271,11771.054,62.404,19016.937,89.959,,62.404,
2015-10,RBI bank-wise total x k,,,,100.777,14169.873,68.921,21638.042,100.428,,68.921,
2015-11,RBI bank-wise total x k,,,,100.291,15039.645,66.042,20768.88,99.944,,66.041,
2015-12,RBI bank-wise total x k,,,,108.494,14720.646,69.367,21194.181,108.118,,69.367,
2016-01,RBI bank-wise total x k,,,,110.258,14748.466,69.677,21173.521,109.876,,69.677,
2016-02,RBI bank-wise total x k,,,,105.431,13083.206,67.075,20638.39,105.066,,67.075,
2016-03,RBI bank-wise total x k,,,,113.26,13590.089,72.221,22694.344,112.868,,72.22,
2016-04,RBI bank-wise total x k,0.0,26.78,,118.695,14942.911,72.828,22724.674,118.284,,72.828,
2016-05,RBI bank-wise total x k,0.0,27.66,,134.431,15660.997,78.476,24960.049,133.966,,78.476,
2016-06,RBI bank-wise total x k,0.0,29.68,,118.614,15646.643,76.307,23955.557,118.203,,76.307,
2016-07,RBI bank-wise total x k,0.09,32.18,,129.518,17253.022,79.441,24341.467,129.07,,79.441,
2016-08,RBI bank-wise total x k,0.09,33.89,,130.982,18543.644,83.954,25748.61,130.529,,83.954,
2016-09,RBI bank-wise total x k,0.09,35.93,,125.625,16082.29,77.929,24197.757,125.19,,77.928,
2016-10,RBI bank-wise total x k,0.1,42.11,,141.075,22148.091,88.865,29942.458,140.587,,88.865,
2016-11,RBI bank-wise total x k,0.29,36.17,,237.288,32477.543,97.912,26559.452,236.467,,97.912,
2016-12,RBI bank-wise total x k,1.99,52.86,,416.905,58578.232,116.083,31149.181,415.462,,116.083,
2017-01,RBI bank-wise total x k,4.46,62.43,,329.765,49466.086,112.803,32708.314,328.623,,112.803,
2017-02,RBI bank-wise total x k,4.38,59.75,,252.624,36181.217,94.927,28704.286,251.75,,94.927,
2017-03,RBI bank-wise total x k,6.37,67.41,,272.114,36035.617,107.61,33390.555,271.172,,107.61,
2017-04,RBI bank-wise total x k,7.2,65.08,,273.786,38415.934,106.578,33142.965,272.839,,106.578,
2017-05,RBI bank-wise total x k,9.36,66.72,,270.783,38133.87,115.331,36140.75,269.846,,115.33,
2017-06,RBI bank-wise total x k,10.35,65.84,,260.733,38449.427,109.472,35483.269,259.831,,109.471,
2017-07,RBI bank-wise total x k,11.63,69.07,,262.164,35462.183,110.763,33929.806,261.256,,110.762,
2017-08,RBI bank-wise total x k,16.8,75.66,,268.553,36001.549,115.327,36298.851,267.623,,115.327,
2017-09,RBI bank-wise total x k,30.98,82.85,,267.287,37280.209,112.632,37465.573,266.361,,112.632,
2017-10,RBI bank-wise total x k,76.96,88.12,,280.976,41528.175,123.364,41939.082,280.003,,123.364,
2017-11,RBI bank-wise total x k,105.02,89.49,,271.905,36863.518,115.9,39296.277,270.964,,115.9,
2017-12,RBI bank-wise total x k,145.64,98.01,,293.404,41144.492,123.769,41863.752,292.388,,123.769,
2018-01,RBI bank-wise total x k,151.83,99.59,,302.421,41490.109,129.98,41437.231,301.375,,129.98,
2018-02,RBI bank-wise total x k,171.4,99.25,,282.987,37385.734,114.753,37659.813,282.007,,114.753,
2018-03,RBI bank-wise total x k,178.05,110.16,,320.007,42251.226,127.293,44308.186,318.899,,127.292,
2018-04,RBI bank-wise total x k,190.08,109.55,,334.925,45885.562,132.319,44837.087,333.766,,132.319,
2018-05,RBI bank-wise total x k,189.48,116.62,,353.34,47249.095,138.291,47284.892,352.117,,138.29,
2018-06,RBI bank-wise total x k,246.37,120.49,,360.068,48375.21,135.977,46279.99,358.822,,135.977,
2018-07,RBI bank-wise total x k,273.75,127.38,,368.629,48761.517,145.007,47762.593,367.353,,145.006,
2018-08,RBI bank-wise total x k,312.02,133.58,,358.413,49433.492,144.202,47985.994,357.172,,144.202,
2018-09,RBI bank-wise total x k,405.87,135.74,,363.698,46232.502,138.231,46106.89,362.439,,138.23,
2018-10,RBI bank-wise total x k,482.36,154.62,,393.972,54696.94,161.065,56183.61,392.608,,161.064,
2018-11,RBI bank-wise total x k,524.94,149.94,,377.034,54419.348,145.846,51621.401,375.729,,145.846,
2018-12,RBI bank-wise total x k,620.17,176.93,,388.031,53521.161,158.342,54240.006,386.688,,158.342,
2019-01,RBI bank-wise total x k,672.75,171.51,,374.828,51044.838,159.566,54951.807,373.531,,159.565,
2019-02,RBI bank-wise total x k,674.19,166.37,,347.685,45937.851,141.336,48496.295,346.482,,141.336,
2019-03,RBI bank-wise total x k,799.54,190.18,,408.981,53510.764,162.412,57663.912,407.566,,162.411,
2019-04,RBI bank-wise total x k,781.79,185.04,,414.515,55872.618,166.921,57714.113,413.08,,166.921,
2019-05,RBI bank-wise total x k,733.54,183.33,,413.964,58593.928,173.153,61282.619,412.531,,173.153,
2019-06,RBI bank-wise total x k,754.54,171.33,,413.567,57994.834,163.234,56928.511,412.135,,163.233,
2019-07,RBI bank-wise total x k,822.29,189.28,,427.119,59096.895,178.416,59616.506,425.641,,178.416,
2019-08,RBI bank-wise total x k,918.35,200.31,,430.81,58624.999,179.574,59600.706,429.319,,179.573,
2019-09,RBI bank-wise total x k,955.02,204.16,,416.375,56243.471,179.471,59453.246,414.934,,179.471,
2019-10,RBI bank-wise total x k,1148.36,236.93,,456.576,70787.306,202.81,71156.289,454.996,,202.809,
2019-11,RBI bank-wise total x k,1218.77,228.08,,425.057,58132.5,182.494,60130.367,423.586,,182.493,
2019-12,RBI bank-wise total x k,1308.4,256.47,,452.726,62582.179,204.968,66186.529,451.159,,204.968,
2020-01,RBI bank-wise total x k,1305.02,259.53,,460.039,62739.367,202.929,67002.381,458.447,,202.929,
2020-02,RBI bank-wise total x k,1325.69,247.8,,431.171,58385.694,189.501,62523.212,429.679,,189.501,
2020-03,RBI bank-wise total x k,1246.84,216.82,,364.465,48095.246,164.67,50696.599,363.204,,164.67,
2020-04,RBI bank-wise total x k,999.57,122.47,449.23,208.995,23214.932,77.125,20858.211,208.272,,77.124,
2020-05,RBI bank-wise total x k,1234.5,166.68,496.07,269.497,37976.157,103.13,32270.923,268.564,,103.129,
2020-06,RBI bank-wise total x k,1336.93,198.91,517.85,303.137,47700.944,125.171,42818.213,302.088,,125.171,
2020-07,RBI bank-wise total x k,1497.36,222.1,578.15,319.489,50309.592,132.321,45567.729,318.383,,132.321,
2020-08,RBI bank-wise total x k,1618.83,246.12,626.28,342.054,54788.737,142.899,50319.158,340.87,,142.899,
2020-09,RBI bank-wise total x k,1800.14,279.61,707.82,354.104,55364.009,149.06,51139.77,352.879,,149.059,
2020-10,RBI bank-wise total x k,2071.62,318.97,844.45,396.697,69237.393,171.803,64651.606,395.324,,171.803,
2020-11,RBI bank-wise total x k,2210.23,339.11,885.55,380.293,67991.51,166.257,62349.842,378.977,,166.257,
2020-12,RBI bank-wise total x k,2234.16,355.69,950.45,383.575,65706.21,174.208,63600.694,382.248,,174.208,
2021-01,RBI bank-wise total x k,2302.73,346.55,1008.62,375.8,63611.41,174.419,64737.156,374.499,,174.419,
2021-02,RBI bank-wise total x k,2292.9,318.79,1011.1,347.033,59337.34,161.377,60104.607,345.832,,161.377,
2021-03,RBI bank-wise total x k,2731.68,363.14,1216.15,378.745,67449.155,188.727,72318.901,377.434,,188.727,
2021-04,RBI bank-wise total x k,2641.06,322.96,1192.53,323.646,56264.124,157.532,59049.185,322.525,,157.531,
2021-05,RBI bank-wise total x k,2539.57,279.81,1142.58,257.671,43223.808,134.473,52013.911,256.78,,134.473,
2021-06,RBI PSI,2807.51,303.76,1257.43,301.656,51594.0,154.701,62746.0,294.645,301.656,154.701,154.701
2021-07,RBI PSI,3247.82,349.76,1466.03,340.537,61087.0,182.049,74885.0,340.4,340.537,182.048,182.049
2021-08,RBI PSI,3555.55,379.71,1609.74,358.829,64867.0,190.471,77733.0,358.584,358.829,190.47,190.471
2021-09,RBI PSI,3654.3,384.88,1673.26,349.029,62589.0,184.721,80228.0,348.78,349.029,184.72,184.721
2021-10,RBI PSI,4218.65,430.67,1711.53,385.295,76471.0,215.581,100943.0,384.982,385.295,215.581,215.581
2021-11,RBI PSI,4186.48,412.05,1638.54,340.705,67109.0,201.116,89217.0,340.393,340.705,201.116,201.116
2021-12,RBI PSI,4566.3,442.98,1754.3,349.921,66491.0,211.259,93907.0,349.551,349.921,211.258,211.259
2022-01,RBI PSI,4617.15,440.17,1859.54,319.3,60025.0,195.805,87769.0,318.761,319.3,195.805,195.805
2022-02,RBI PSI,4527.49,420.93,1895.84,295.619,57065.0,188.424,86041.0,295.202,295.619,188.423,188.424
2022-03,RBI PSI,5405.65,492.0,2204.5,327.789,64113.0,223.751,107101.0,,327.789,,223.751
2022-04,RBI PSI,5583.05,471.62,2263.2,331.187,65062.0,222.93,105459.0,,331.187,,222.93
2022-05,RBI PSI,5955.2,484.81,2546.65,332.023,65959.0,237.795,113696.0,,332.023,,237.795
2022-06,RBI PSI,5862.75,455.7,2560.08,309.933,61002.0,227.946,108752.0,,309.933,,227.946
2022-07,RBI PSI,6288.4,460.83,2999.25,313.347,64515.0,234.834,115856.0,,313.347,,234.834
2022-08,RBI PSI,6579.63,466.91,3290.37,303.347,62159.0,244.783,112358.0,,303.347,,244.783
2022-09,RBI PSI,6780.8,462.69,3547.19,290.307,61427.0,246.017,122554.0,,290.307,,246.017
2022-10,RBI PSI,7305.42,482.46,3868.76,297.252,67283.0,256.133,129334.0,,297.252,,256.133
2022-11,RBI PSI,7309.45,463.48,3907.96,261.794,55917.0,235.141,114821.0,,261.794,,235.141
2022-12,RBI PSI,7829.49,485.84,4227.3,266.708,58625.0,255.647,126524.0,,266.708,,255.647
2023-01,RBI PSI,8036.89,474.51,4410.94,251.009,55778.0,259.352,127682.0,,251.009,,259.352
2023-02,RBI PSI,7534.76,447.82,4153.2,226.531,49693.0,232.32,118684.0,,226.531,,232.32
2023-03,RBI PSI,8685.3,497.06,4826.25,238.25,53724.0,263.429,137311.0,,238.25,,263.429
2023-04,RBI PSI,8863.26,495.8,5029.74,229.538,54627.0,259.255,132769.0,,229.538,,259.255
2023-05,RBI PSI,9415.19,499.98,5369.7,223.977,52776.0,273.474,140660.0,,223.977,,273.474
2023-06,RBI PSI,9335.06,468.1,5363.63,210.224,51049.0,262.905,137234.0,,210.224,,262.905
2023-07,RBI PSI,9964.61,489.71,5780.19,210.131,53313.0,277.081,144737.0,,210.131,,277.081
2023-08,RBI PSI,10586.02,489.16,6197.18,207.618,52690.0,290.578,148602.0,,207.618,,290.578
2023-09,RBI PSI,10555.69,472.9,6182.57,183.934,46880.0,273.943,142320.0,,183.934,,273.943
2023-10,RBI PSI,11408.79,492.88,6719.37,190.504,52101.0,320.048,178569.0,,190.504,,320.048
2023-11,RBI PSI,11235.29,472.38,6585.81,177.166,49394.0,297.09,160644.0,,177.166,,297.09
2023-12,RBI PSI,12020.23,498.79,7265.44,176.817,47939.0,321.5,165119.0,,176.817,,321.5
2024-01,RBI PSI,12203.02,508.79,7449.93,164.629,45486.0,328.952,166444.0,,164.629,,328.952
2024-02,RBI PSI,12102.67,534.63,7359.98,152.244,41452.0,311.244,149206.0,,152.244,,311.244
2024-03,RBI PSI,13440.0,580.64,8295.97,159.475,44749.0,343.938,164459.0,,159.475,,343.938
2024-04,RBI PSI,13303.99,550.36,8307.47,151.861,43911.0,344.151,156498.0,,151.861,,344.151
2024-05,RBI PSI,14035.84,557.7,8804.83,150.382,43565.0,360.136,164955.0,,150.382,,360.136
2024-06,RBI PSI,13885.14,516.75,8720.75,142.394,41259.0,357.949,158822.0,,142.394,,357.949
2024-07,RBI PSI,14435.55,490.28,8999.59,145.656,44765.0,383.78,172670.0,,145.656,,383.78
2024-08,RBI PSI,14963.05,453.33,9337.28,142.245,43542.0,390.068,168202.0,,142.245,,390.068
2024-09,RBI PSI,15041.75,429.93,9352.88,135.364,40102.0,392.162,176202.0,,135.364,,392.162
2024-10,RBI PSI,16584.97,466.82,10303.18,144.187,46920.0,433.214,201789.0,,144.187,,433.214
2024-11,RBI PSI,15482.02,407.92,9648.87,123.498,39089.0,393.604,169298.0,,123.498,,393.604
2024-12,RBI PSI,16730.01,441.16,10394.38,128.284,40671.0,433.122,188086.0,,128.284,,433.122
2025-01,RBI PSI,16996.0,444.22,10569.75,121.669,38963.0,430.572,184126.0,,121.669,,430.572
2025-02,RBI PSI,16106.19,404.83,10066.74,108.25,34314.0,396.959,167208.0,,108.25,,396.959
2025-03,RBI PSI,18301.51,461.64,11461.06,120.302,39055.0,458.65,201494.0,,120.302,,458.65
2025-04,RBI PSI,17893.42,449.25,11353.6,117.093,38113.0,450.27,184237.0,,117.093,,450.27
2025-05,RBI PSI,18677.46,463.66,11853.66,115.047,36978.0,467.693,189832.0,,115.047,,467.693
2025-06,RBI PSI,18395.01,448.1,11709.38,108.572,35463.0,458.71,183088.0,,108.572,,458.71
2025-07,RBI PSI,19467.95,482.19,12388.11,112.061,38138.0,486.181,193849.0,,112.061,,486.181
2025-08,RBI PSI,20008.31,477.26,12705.16,112.08,37406.0,493.443,191159.0,,112.08,,493.443
2025-09,RBI PSI,19633.43,394.38,12366.97,104.74,36776.0,495.241,216707.0,,104.74,,495.241
2025-10,RBI PSI,20700.92,403.59,13027.56,109.625,42143.0,518.29,214230.0,,109.625,,518.29
2025-11,RBI PSI,20466.98,368.93,12840.49,101.211,34143.0,502.984,188799.0,,101.211,,502.984
2025-12,RBI PSI,21634.67,379.94,13482.38,104.924,37274.0,539.834,204687.0,,104.924,,539.834
2026-01,RBI PSI,21703.44,374.03,13608.1,101.829,37957.0,539.711,199085.0,,101.829,,539.711
2026-02,RBI PSI,20394.18,336.09,12795.78,91.712,33135.0,493.795,177292.0,,91.712,,493.795
2026-03,RBI PSI,22641.11,365.68,14180.46,101.317,37948.0,577.476,219495.0,,101.317,,577.476
