month_label	total_volume_mn	total_value_crore	p2p_volume_mn	p2p_value_crore	p2m_volume_mn	p2m_value_crore
Jan'22	4,617.15	8,31,993.11	2,757.61	6,67,270.65	1,859.54	1,64,722.46
Feb'22	4,527.49	8,26,843.00	2,631.65	6,63,841.98	1,895.84	1,63,001.03
Mar'22	5,405.65	9,60,581.66	3,201.15	7,77,823.30	2,204.50	1,82,758.36
Apr'22	5,583.05	9,83,302.27	3,319.85	8,05,925.89	2,263.20	1,77,376.39
May'22	5,955.20	10,41,520.07	3,408.55	8,27,153.68	2,546.65	2,14,366.39
Jun'22	5,862.75	10,14,384.31	3,302.67	8,00,412.50	2,560.08	2,13,971.81
Jul'22	6,288.40	10,62,991.76	3,289.15	8,32,265.84	2,999.25	2,30,725.92
Aug'22	6,579.63	10,72,792.68	3,289.26	8,33,370.86	3,290.37	2,39,421.82
Sep'22	6,780.80	11,16,438.10	3,233.61	8,62,049.27	3,547.19	2,54,388.83
Oct'22	7,305.42	12,11,582.51	3,436.66	9,28,872.06	3,868.76	2,82,710.45
Nov'22	7,309.45	11,90,593.39	3,401.49	9,21,601.77	3,907.96	2,68,991.61
Dec'22	7,829.49	12,82,055.01	3,602.19	9,91,748.31	4,227.30	2,90,306.69
Jan'23	8,036.89	12,98,726.62	3,625.95	9,97,781.02	4,410.94	3,00,945.60
Feb'23	7,534.76	12,35,846.62	3,381.56	9,56,834.37	4,153.20	2,79,012.26
Mar'23	8,685.30	14,10,443.01	3,859.05	10,88,096.36	4,826.25	3,22,346.66
Apr'23	8,898.14	14,07,837.61	3,868.39	10,86,509.94	5,029.74	3,21,327.66
May'23	9,415.19	14,89,145.50	4,045.48	11,45,072.32	5,369.70	3,44,073.18
Jun'23	9,335.06	14,75,464.27	3,971.43	11,25,422.26	5,363.63	3,50,042.01
Jul'23	9,964.61	15,33,645.20	4,184.42	11,48,397.97	5,780.19	3,85,247.22
Aug'23	10,586.02	15,76,536.56	4,388.83	11,79,095.66	6,197.18	3,97,440.90
Sep'23	10,555.69	15,79,133.18	4,373.12	11,82,916.93	6,182.57	3,96,216.25
Oct'23	11,408.79	17,15,768.34	4,689.42	12,73,587.62	6,719.37	4,42,180.74
Nov'23	11,235.29	17,39,740.61	4,649.47	12,92,866.82	6,585.81	4,46,873.79
Dec'23	12,020.23	18,22,949.42	4,754.79	13,47,696.13	7,265.44	4,75,253.29
Jan'24	12,203.02	18,41,083.97	4,753.09	13,40,323.61	7,449.93	5,00,760.37
Feb'24	12,102.68	18,27,869.33	4,742.69	13,48,523.03	7,359.98	4,79,346.31
Mar'24	13,440.00	19,78,353.23	5,144.03	14,60,125.24	8,295.97	5,18,227.99
Apr’24	13,303.99	19,64,464.52	4,996.52	14,33,520.79	8,307.47	5,30,943.73
May’24	14,035.84	20,44,937.05	5,231.01	14,88,235.39	8,804.83	5,56,701.66
Jun’24	13,885.14	20,07,081.16	5,164.39	14,47,142.17	8,720.75	5,59,938.98
Jul'24	14,435.55	20,64,292.40	5,435.96	14,71,369.99	8,999.59	5,92,922.41
Aug'24	14,963.05	20,60,735.57	5,625.77	14,84,591.00	9,337.28	5,76,144.57
Sep'24	15,041.75	20,63,994.71	5,688.87	14,97,941.07	9,352.88	5,66,053.64
Oct'24	16,584.97	23,49,821.45	6,281.79	16,81,872.99	10,303.18	6,67,948.46
Nov'24	15,482.02	21,55,187.40	5,833.16	15,56,010.77	9,648.87	5,99,176.63
Dec'24	16,730.01	23,24,699.91	6,335.63	16,92,632.54	10,394.38	6,32,067.37
Jan'25	16,996.00	23,48,037.12	6,426.25	17,03,333.03	10,569.75	6,44,704.09
Feb'25	16,106.19	21,96,481.69	6,039.45	16,06,397.95	10,066.74	5,90,083.74
Mar'25	18,301.51	24,77,221.61	6,840.45	18,06,811.06	11,461.06	6,70,410.55
Apr'25	17,893.42	23,94,925.87	6,539.82	17,31,364.08	11,353.60	6,63,561.79
May'25	18,677.46	25,14,297.01	6,823.80	18,17,672.02	11,853.66	6,96,624.99
Jun'25	18,395.01	24,03,930.69	6,685.63	17,21,058.47	11,709.38	6,82,872.22
Jul'25	19,467.95	25,08,498.09	7,079.84	17,74,485.73	12,388.11	7,34,012.36
Aug'25	20,008.31	24,85,472.91	7,303.15	17,61,675.49	12,705.16	7,23,797.42
Sep-25	19,633.43	24,89,736.54	7,266.46	17,70,169.25	12,366.97	7,19,567.29
Oct-25	20,700.92	27,27,790.68	7,673.36	19,02,048.48	13,027.56	8,25,742.20
Nov-25	20,466.98	26,31,632.63	7,626.49	18,67,080.57	12,840.49	7,64,552.06
Dec-25	21,634.67	27,96,712.73	8,152.29	19,89,139.74	13,482.38	8,07,572.99
Jan-26	21,703.44	28,33,481.22	8,095.35	19,92,655.39	13,608.10	8,40,825.83
Feb-26	20,394.18	26,84,229.29	7,598.40	19,11,812.35	12,795.78	7,72,416.94
Mar-26	22,641.11	29,52,542.05	8,460.65	20,91,059.00	14,180.46	8,61,483.05
