month,banks_live,volume_mn,value_crore,source_file,source_url
2020-01,144,1305.02,216242.97,Product-Statistics-UPI-Product-statistics-upi-2019-20-Monthly.xlsx,https://www.npci.org.in/product/upi/product-statistics
2020-02,146,1325.69,222516.95,Product-Statistics-UPI-Product-statistics-upi-2019-20-Monthly.xlsx,https://www.npci.org.in/product/upi/product-statistics
2020-03,148,1246.84,206462.31,Product-Statistics-UPI-Product-statistics-upi-2019-20-Monthly.xlsx,https://www.npci.org.in/product/upi/product-statistics
2020-04,153,999.57,151140.66,Product-Statistics-UPI-Product-statistics-upi-2020-21-Monthly.xlsx,https://www.npci.org.in/product/upi/product-statistics
2020-05,155,1234.5,218391.6,Product-Statistics-UPI-Product-statistics-upi-2020-21-Monthly.xlsx,https://www.npci.org.in/product/upi/product-statistics
2020-06,155,1336.93,261835.0,Product-Statistics-UPI-Product-statistics-upi-2020-21-Monthly.xlsx,https://www.npci.org.in/product/upi/product-statistics
2020-07,164,1497.36,290537.86,Product-Statistics-UPI-Product-statistics-upi-2020-21-Monthly.xlsx,https://www.npci.org.in/product/upi/product-statistics
2020-08,168,1618.83,298307.61,Product-Statistics-UPI-Product-statistics-upi-2020-21-Monthly.xlsx,https://www.npci.org.in/product/upi/product-statistics
2020-09,174,1800.14,329027.66,Product-Statistics-UPI-Product-statistics-upi-2020-21-Monthly.xlsx,https://www.npci.org.in/product/upi/product-statistics
2020-10,189,2071.62,386106.74,Product-Statistics-UPI-Product-statistics-upi-2020-21-Monthly.xlsx,https://www.npci.org.in/product/upi/product-statistics
2020-11,200,2210.23,390999.15,Product-Statistics-UPI-Product-statistics-upi-2020-21-Monthly.xlsx,https://www.npci.org.in/product/upi/product-statistics
2020-12,207,2234.16,416176.21,Product-Statistics-UPI-Product-statistics-upi-2020-21-Monthly.xlsx,https://www.npci.org.in/product/upi/product-statistics
