month,cpi_combined_index_native,native_base_year,status,link_factor_to_2024,cpi_combined_index_linked_2024,source_url,notes
2016-01,126.3,2012,final,0.5267,66.52221,https://mospi.gov.in/uploads/latestReleases/latest_release_1768213461321_53cd35fd-1bbc-4b43-b92d-8fb67474ee74_Press_Release_of_CPI_for_December_2025.pdf,Official MoSPI Annexure VI time series; linked value is mechanical application of official Combined factor 0.5267.
2016-02,126.0,2012,final,0.5267,66.3642,https://mospi.gov.in/uploads/latestReleases/latest_release_1768213461321_53cd35fd-1bbc-4b43-b92d-8fb67474ee74_Press_Release_of_CPI_for_December_2025.pdf,Official MoSPI Annexure VI time series; linked value is mechanical application of official Combined factor 0.5267.
2016-03,126.0,2012,final,0.5267,66.3642,https://mospi.gov.in/uploads/latestReleases/latest_release_1768213461321_53cd35fd-1bbc-4b43-b92d-8fb67474ee74_Press_Release_of_CPI_for_December_2025.pdf,Official MoSPI Annexure VI time series; linked value is mechanical application of official Combined factor 0.5267.
2016-04,127.3,2012,final,0.5267,67.04891,https://mospi.gov.in/uploads/latestReleases/latest_release_1768213461321_53cd35fd-1bbc-4b43-b92d-8fb67474ee74_Press_Release_of_CPI_for_December_2025.pdf,Official MoSPI Annexure VI time series; linked value is mechanical application of official Combined factor 0.5267.
2016-05,128.6,2012,final,0.5267,67.73362,https://mospi.gov.in/uploads/latestReleases/latest_release_1768213461321_53cd35fd-1bbc-4b43-b92d-8fb67474ee74_Press_Release_of_CPI_for_December_2025.pdf,Official MoSPI Annexure VI time series; linked value is mechanical application of official Combined factor 0.5267.
2016-06,130.1,2012,final,0.5267,68.52367,https://mospi.gov.in/uploads/latestReleases/latest_release_1768213461321_53cd35fd-1bbc-4b43-b92d-8fb67474ee74_Press_Release_of_CPI_for_December_2025.pdf,Official MoSPI Annexure VI time series; linked value is mechanical application of official Combined factor 0.5267.
2016-07,131.1,2012,final,0.5267,69.05037,https://mospi.gov.in/uploads/latestReleases/latest_release_1768213461321_53cd35fd-1bbc-4b43-b92d-8fb67474ee74_Press_Release_of_CPI_for_December_2025.pdf,Official MoSPI Annexure VI time series; linked value is mechanical application of official Combined factor 0.5267.
2016-08,131.1,2012,final,0.5267,69.05037,https://mospi.gov.in/uploads/latestReleases/latest_release_1768213461321_53cd35fd-1bbc-4b43-b92d-8fb67474ee74_Press_Release_of_CPI_for_December_2025.pdf,Official MoSPI Annexure VI time series; linked value is mechanical application of official Combined factor 0.5267.
2016-09,130.9,2012,final,0.5267,68.94503,https://mospi.gov.in/uploads/latestReleases/latest_release_1768213461321_53cd35fd-1bbc-4b43-b92d-8fb67474ee74_Press_Release_of_CPI_for_December_2025.pdf,Official MoSPI Annexure VI time series; linked value is mechanical application of official Combined factor 0.5267.
2016-10,131.4,2012,final,0.5267,69.20838,https://mospi.gov.in/uploads/latestReleases/latest_release_1768213461321_53cd35fd-1bbc-4b43-b92d-8fb67474ee74_Press_Release_of_CPI_for_December_2025.pdf,Official MoSPI Annexure VI time series; linked value is mechanical application of official Combined factor 0.5267.
2016-11,131.2,2012,final,0.5267,69.10304,https://mospi.gov.in/uploads/latestReleases/latest_release_1768213461321_53cd35fd-1bbc-4b43-b92d-8fb67474ee74_Press_Release_of_CPI_for_December_2025.pdf,Official MoSPI Annexure VI time series; linked value is mechanical application of official Combined factor 0.5267.
2016-12,130.4,2012,final,0.5267,68.68168,https://mospi.gov.in/uploads/latestReleases/latest_release_1768213461321_53cd35fd-1bbc-4b43-b92d-8fb67474ee74_Press_Release_of_CPI_for_December_2025.pdf,Official MoSPI Annexure VI time series; linked value is mechanical application of official Combined factor 0.5267.
