month,layout,value_unit_published,atms,pos_terminals,bharat_qr_codes,credit_cards,credit_atm_n,credit_payments_n,credit_atm_v_crore,credit_payments_v_crore,debit_cards,debit_atm_n,debit_payments_n,debit_atm_v_crore,debit_payments_v_crore,source_file
2016-01,14-column,Rs million,196079.0,1337310.0,,23782202.0,547789.0,69676607.0,265.57,21173.48,653363198.0,707629136.0,109876461.0,218188.15,14610.75,source_archive/rbi/bankwise_html/atmid_59.html
2016-02,14-column,Rs million,197327.0,1363476.0,,24126523.0,558815.0,67074703.0,269.95,20638.35,658378788.0,693637516.0,105065898.0,214099.98,12961.04,source_archive/rbi/bankwise_html/atmid_60.html
2016-03,14-column,Rs million,199099.0,1385668.0,,24505219.0,612531.0,72220394.0,280.32,22694.3,661824092.0,731722405.0,112868336.0,224582.18,13463.19,source_archive/rbi/bankwise_html/atmid_61.html
2016-04,14-column,Rs million,199954.0,1403438.0,,24860730.0,591865.0,72827537.0,286.34,22724.63,671187187.0,733399002.0,118284077.0,225209.84,14803.38,source_archive/rbi/bankwise_html/atmid_62.html
2016-05,14-column,Rs million,200666.0,1418324.0,,25147902.0,581892.0,78475511.0,284.36,24960.0,680010680.0,737569787.0,133966059.0,220221.67,15514.76,source_archive/rbi/bankwise_html/atmid_63.html
2016-06,14-column,Rs million,201335.0,1432727.0,,25543847.0,591054.0,76307286.0,285.67,23955.51,691142157.0,732171388.0,118203204.0,220447.55,15500.54,source_archive/rbi/bankwise_html/atmid_64.html
2016-07,14-column,Rs million,201861.0,1443899.0,,25943794.0,606314.0,79440734.0,292.24,24341.42,697222455.0,752133454.0,129069978.0,219165.07,17091.92,source_archive/rbi/bankwise_html/atmid_65.html
2016-08,14-column,Rs million,202801.0,1461972.0,,26378940.0,646950.0,83954292.0,304.27,25748.56,712465787.0,756738440.0,130529004.0,219657.5,18370.49,source_archive/rbi/bankwise_html/atmid_66.html
2016-09,14-column,Rs million,204218.0,1480309.0,,26856758.0,602388.0,77928467.0,285.25,24197.71,728195958.0,742134866.0,125190417.0,221976.23,15932.12,source_archive/rbi/bankwise_html/atmid_68.html
2016-10,14-column,Rs million,205151.0,1512068.0,,27344842.0,620905.0,88864901.0,299.68,29942.4,748278909.0,802064418.0,140586967.0,254781.45,21941.28,source_archive/rbi/bankwise_html/atmid_67.html
2016-11,14-column,Rs million,205409.0,1590714.0,,27783026.0,402919.0,97911525.0,139.3,26559.4,751197796.0,561355720.0,236466565.0,123451.62,32174.28,source_archive/rbi/bankwise_html/atmid_69.html
2016-12,14-column,Rs million,205860.0,1767733.0,,28321039.0,375943.0,116082819.0,88.09,31149.12,764431356.0,630466234.0,415461956.0,84934.09,58031.25,source_archive/rbi/bankwise_html/atmid_70.html
