month,column,release_month,rbi_release_id,card_total_volume_lakh,card_total_value_crore,credit_total_volume_lakh,credit_total_value_crore,credit_pos_volume_lakh,credit_pos_value_crore,credit_other_volume_lakh,credit_other_value_crore,debit_total_volume_lakh,debit_total_value_crore,debit_pos_volume_lakh,debit_pos_value_crore,debit_other_volume_lakh,debit_other_value_crore,ppi_total_volume_lakh,ppi_total_value_crore,ppi_wallets_volume_lakh,ppi_wallets_value_crore,ppi_cards_volume_lakh,ppi_cards_value_crore,ppi_card_pos_volume_lakh,ppi_card_pos_value_crore,ppi_card_other_volume_lakh,ppi_card_other_value_crore,rbi_release_page_url,archived_html_file,source_html_sha256
2021-06,own_month,2021-06,1,4563.57,114340.0,1547.01,62746.0,690.4,23977.0,856.61,38769.0,3016.56,51594.0,1564.91,29293.0,1451.65,22300.0,4586.0,18780.0,3911.95,16088.0,674.05,2692.0,44.69,552.0,629.36,2140.0,https://www.rbi.org.in/Scripts/PSIUserView.aspx?Id=1,source_archive/rbi/html/2021-06_id1.html,86d025a488919c5260ed47bc8ad022b0434d5a3e37c889075cb6248e71697c93
2020-06,same_month_previous_year,2021-06,1,4250.89,90484.0,1248.55,42773.0,588.58,19293.0,659.97,23479.0,3002.34,47711.0,1475.38,25788.0,1526.95,21923.0,3546.66,14494.0,2905.67,12132.0,640.98,2362.0,35.36,710.0,605.62,1652.0,https://www.rbi.org.in/Scripts/PSIUserView.aspx?Id=1,source_archive/rbi/html/2021-06_id1.html,86d025a488919c5260ed47bc8ad022b0434d5a3e37c889075cb6248e71697c93
2021-07,own_month,2021-07,2,5225.86,135972.0,1820.49,74885.0,900.27,30498.08,920.21,44386.68,3405.37,61087.0,1901.64,36764.0,1503.73,24324.0,4959.07,20806.0,4079.19,17053.0,879.89,3753.0,63.24,683.0,816.64,3070.0,https://www.rbi.org.in/Scripts/PSIUserView.aspx?Id=2,source_archive/rbi/html/2021-07_id2.html,172c94c1561f2408c96b0324d28e049dc910d9ca26e86362b30f04efb55f8ae5
2020-07,same_month_previous_year,2021-07,2,4481.59,95883.0,1319.66,45558.0,601.63,20107.0,718.03,25451.0,3161.93,50325.0,1461.94,25821.0,1699.99,24504.0,3987.42,15521.0,3205.59,12892.0,781.83,2629.0,24.49,628.0,757.34,2002.0,https://www.rbi.org.in/Scripts/PSIUserView.aspx?Id=2,source_archive/rbi/html/2021-07_id2.html,172c94c1561f2408c96b0324d28e049dc910d9ca26e86362b30f04efb55f8ae5
2021-08,own_month,2021-08,3,5493.0,142600.0,1904.71,77733.0,984.62,32968.89,920.08,44764.13,3588.29,64867.0,2119.63,41177.0,1468.66,23690.0,5185.79,22631.0,4201.24,17712.0,984.54,4919.0,83.94,1104.0,900.6,3815.0,https://www.rbi.org.in/Scripts/PSIUserView.aspx?Id=3,source_archive/rbi/html/2021-08_id3.html,891e7da733fc114a5b0314e99c8006d9e6111c398a1a2f0d3c368c0a83a36ca0
2020-08,same_month_previous_year,2021-08,3,4814.53,105081.0,1425.11,50311.0,659.47,21001.0,765.64,29310.0,3389.42,54770.0,1647.47,29525.0,1741.95,25245.0,4932.61,16808.0,3967.82,13000.0,964.79,3808.0,29.2,737.0,935.59,3072.0,https://www.rbi.org.in/Scripts/PSIUserView.aspx?Id=3,source_archive/rbi/html/2021-08_id3.html,891e7da733fc114a5b0314e99c8006d9e6111c398a1a2f0d3c368c0a83a36ca0
2021-09,own_month,2021-09,4,5337.5,142817.0,1847.21,80228.0,961.53,31742.9,885.68,48484.85,3490.29,62589.0,2053.0,38591.0,1437.29,23998.0,4934.6,30273.0,3884.65,25645.0,1049.96,4628.0,133.71,995.0,916.25,3634.0,https://www.rbi.org.in/Scripts/PSIUserView.aspx?Id=4,source_archive/rbi/html/2021-09_id4.html,e7a3124dd3132777217140a8f056d4e61518e3cdf15be62b1dfedc283d4cec62
2020-09,same_month_previous_year,2021-09,4,4994.52,106500.0,1486.71,51134.0,713.37,21986.0,773.33,29148.0,3507.81,55366.0,1758.83,30422.0,1748.98,24944.0,4653.54,16683.0,3616.58,13258.0,1036.96,3425.0,60.08,910.0,976.87,2515.0,https://www.rbi.org.in/Scripts/PSIUserView.aspx?Id=4,source_archive/rbi/html/2021-09_id4.html,e7a3124dd3132777217140a8f056d4e61518e3cdf15be62b1dfedc283d4cec62
2021-10,own_month,2021-10,5,6008.76,177413.0,2155.81,100943.0,1075.23,38442.37,1080.58,62500.41,3852.95,76471.0,2302.56,47226.0,1550.39,29245.0,6131.06,26372.0,4888.97,21702.0,1242.09,4670.0,64.58,998.0,1177.51,3672.0,https://www.rbi.org.in/Scripts/PSIUserView.aspx?Id=5,source_archive/rbi/html/2021-10_id5.html,a67f7630b2213c6f2695ca5a66a3a0014554af8694712da1eed5199214a46d98
2020-10,same_month_previous_year,2021-10,5,5650.7,133792.0,1718.03,64652.0,818.33,26956.0,899.7,37696.0,3932.66,69141.0,1983.98,37110.0,1948.68,32031.0,4623.12,17802.0,3639.89,13718.0,983.23,4084.0,50.99,947.0,932.24,3136.0,https://www.rbi.org.in/Scripts/PSIUserView.aspx?Id=5,source_archive/rbi/html/2021-10_id5.html,a67f7630b2213c6f2695ca5a66a3a0014554af8694712da1eed5199214a46d98
2021-11,own_month,2021-11,6,5418.21,156325.0,2011.16,89217.0,1068.93,37498.79,942.23,51718.05,3407.05,67109.0,2111.98,43750.0,1295.07,23358.0,6107.21,25583.0,4871.05,21057.0,1236.16,4526.0,74.48,1287.0,1161.68,3240.0,https://www.rbi.org.in/Scripts/PSIUserView.aspx?Id=6,source_archive/rbi/html/2021-11_id6.html,6e7f8a818e9f3eb1a877d7477a4a0eabebd3e73ed37c6565874c8554cdf6cff3
2020-11,same_month_previous_year,2021-11,6,5428.32,130239.0,1662.58,62350.0,874.82,30495.0,787.76,31855.0,3765.75,67889.0,2112.56,42289.0,1653.18,25600.0,4226.72,16712.0,3421.15,12724.0,805.58,3987.0,72.0,1111.0,733.57,2877.0,https://www.rbi.org.in/Scripts/PSIUserView.aspx?Id=6,source_archive/rbi/html/2021-11_id6.html,6e7f8a818e9f3eb1a877d7477a4a0eabebd3e73ed37c6565874c8554cdf6cff3
2021-12,own_month,2021-12,7,5611.8,160398.0,2112.59,93907.0,1093.48,36712.65,1019.1,57194.58,3499.21,66491.0,2202.51,43062.3,1296.71,23428.74,7008.24,26896.0,5661.02,21220.0,1347.22,5676.0,99.63,1893.0,1247.59,3784.0,https://www.rbi.org.in/Scripts/PSIUserView.aspx?Id=7,source_archive/rbi/html/2021-12_id7.html,797bb9c275ce4f99d0f55ad85d79cc9d8cf09f68bf14783ed6d24e1ac943925d
2020-12,same_month_previous_year,2021-12,7,5502.88,128665.0,1737.79,63487.0,914.2,28961.0,823.59,34526.0,3765.09,65178.0,2165.5,39437.0,1599.59,25741.0,4372.11,18153.0,3521.48,13392.0,850.63,4761.0,58.15,1107.0,792.48,3654.0,https://www.rbi.org.in/Scripts/PSIUserView.aspx?Id=7,source_archive/rbi/html/2021-12_id7.html,797bb9c275ce4f99d0f55ad85d79cc9d8cf09f68bf14783ed6d24e1ac943925d
2022-01,own_month,2022-01,8,5151.05,147794.0,1958.05,87769.0,960.63,32735.0,997.43,55034.0,3193.0,60025.0,1924.51,37274.0,1268.48,22752.0,5865.6,26105.0,4613.76,19789.0,1251.85,6316.0,114.11,2307.0,1137.73,4009.0,https://www.rbi.org.in/Scripts/PSIUserView.aspx?Id=8,source_archive/rbi/html/2022-01_id8.html,ceb92dd0c367be4f1bf91a1bd19a912b2f413c33583699746b1e8bab841cb42f
2021-01,same_month_previous_year,2022-01,8,5443.74,127894.0,1744.2,64737.0,926.09,29409.0,818.11,35328.0,3699.54,63157.0,2132.37,39189.0,1567.18,23969.0,4427.0,19419.0,3499.66,13577.0,927.34,5842.0,61.52,1433.0,865.83,4410.0,https://www.rbi.org.in/Scripts/PSIUserView.aspx?Id=8,source_archive/rbi/html/2022-01_id8.html,ceb92dd0c367be4f1bf91a1bd19a912b2f413c33583699746b1e8bab841cb42f
2022-02,own_month,2022-02,9,4840.43,143106.0,1884.24,86041.0,963.4,32500.0,920.84,53541.0,2956.19,57065.0,1845.45,36376.0,1110.75,20689.0,5626.89,24649.0,4386.09,17259.0,1240.79,7390.0,126.61,3360.0,1114.18,4030.0,https://www.rbi.org.in/Scripts/PSIUserView.aspx?Id=9,source_archive/rbi/html/2022-02_id9.html,62d46f10cc92f1710c3ac975247fe5e78f668041ae24ca3a19bff3590c697823
2021-02,same_month_previous_year,2022-02,9,5059.24,119331.0,1613.77,60105.0,863.91,27754.0,749.87,32350.0,3445.46,59227.0,2008.87,37414.0,1436.6,21813.0,4560.42,18274.0,3652.79,12742.0,907.63,5532.0,58.8,1117.0,848.83,4415.0,https://www.rbi.org.in/Scripts/PSIUserView.aspx?Id=9,source_archive/rbi/html/2022-02_id9.html,62d46f10cc92f1710c3ac975247fe5e78f668041ae24ca3a19bff3590c697823
2022-03,own_month,2022-03,10,5515.4,171214.0,2237.51,107101.0,1134.33,38773.0,1103.18,68328.0,3277.89,64113.0,2081.16,40831.0,1196.73,23282.0,6567.0,27865.0,5017.0,20054.0,1550.0,7811.0,165.0,2860.0,1385.0,4951.0,https://www.rbi.org.in/Scripts/PSIUserView.aspx?Id=10,source_archive/rbi/html/2022-03_id10.html,22677d24cc9784974f8e35c611d0f7aaa09cab94252a1f28579c96f011910220
2021-03,same_month_previous_year,2022-03,10,5650.32,139705.0,1887.27,72319.0,1012.86,33286.0,874.41,39033.0,3763.05,67386.0,2229.12,42816.0,1533.93,24570.0,5201.05,21372.0,4182.92,14856.0,1018.13,6516.0,59.48,1453.0,958.65,5063.0,https://www.rbi.org.in/Scripts/PSIUserView.aspx?Id=10,source_archive/rbi/html/2022-03_id10.html,22677d24cc9784974f8e35c611d0f7aaa09cab94252a1f28579c96f011910220
2022-04,own_month,2022-04,11,5541.17,170521.0,2229.3,105459.0,1152.87,39807.0,1076.43,65652.0,3311.87,65062.0,2131.77,43530.0,1180.1,21532.0,6551.3,27664.0,5036.15,19360.0,1515.15,8305.0,169.34,3183.0,1345.81,5121.0,https://www.rbi.org.in/Scripts/PSIUserView.aspx?Id=11,source_archive/rbi/html/2022-04_id11.html,7c9e44b749f971e0a9a9c55a991d134ee905bf377caeaa4cd45c5c6289d7cf37
2021-04,same_month_previous_year,2022-04,11,4788.55,115232.0,1575.32,59049.0,782.31,26314.0,793.0,32735.0,3213.23,56183.0,1794.37,35621.0,1418.86,20562.0,4800.66,22148.0,3963.08,14421.0,837.58,7727.0,50.39,1517.0,787.19,6209.0,https://www.rbi.org.in/Scripts/PSIUserView.aspx?Id=11,source_archive/rbi/html/2022-04_id11.html,7c9e44b749f971e0a9a9c55a991d134ee905bf377caeaa4cd45c5c6289d7cf37
2022-05,own_month,2022-05,12,5698.18,179655.0,2377.95,113696.0,1220.24,42266.0,1157.71,71430.0,3320.23,65959.0,2150.28,44306.0,1169.95,21653.0,6652.6,28257.0,5198.06,19616.0,1454.54,8640.0,178.85,3229.0,1275.69,5411.0,https://www.rbi.org.in/Scripts/PSIUserView.aspx?Id=12,source_archive/rbi/html/2022-05_id12.html,621cc8a3a1b9077ebf76b41527703758404ab8d9efb83e611f42c973a5ead3f0
2021-05,same_month_previous_year,2022-05,12,3901.33,95239.0,1344.73,52014.0,509.46,18477.0,835.27,33537.0,2556.6,43225.0,1127.84,22195.0,1428.76,21030.0,3880.4,21509.0,3180.18,14626.0,700.22,6883.0,40.58,1169.0,659.64,5714.0,https://www.rbi.org.in/Scripts/PSIUserView.aspx?Id=12,source_archive/rbi/html/2022-05_id12.html,621cc8a3a1b9077ebf76b41527703758404ab8d9efb83e611f42c973a5ead3f0
