month,release_id,release_page_url,official_xlsx_url
2022-01,8,https://www.rbi.org.in/Scripts/PSIUserView.aspx?Id=8,https://rbidocs.rbi.org.in/rdocs/PSI/DOCs/PSIAYMENTJAN202220F871FFF44A4111BB22688BC72A9D58.XLSX
2022-02,9,https://www.rbi.org.in/Scripts/PSIUserView.aspx?Id=9,https://rbidocs.rbi.org.in/rdocs/PSI/DOCs/PAYMENTFEB2022384190BE2E914D50BA3A6D87B9388E6D.XLSX
2022-03,10,https://www.rbi.org.in/Scripts/PSIUserView.aspx?Id=10,https://rbidocs.rbi.org.in/rdocs/PSI/DOCs/PSIMARCH2022E840B78FC08E43C99161076296B41D1E.XLSX
2022-04,11,https://www.rbi.org.in/Scripts/PSIUserView.aspx?Id=11,https://rbidocs.rbi.org.in/rdocs/PSI/DOCs/PSIAPRIL2022FE8BED32CC7340D5A8343081B49AD4BB.XLSX
2022-05,12,https://www.rbi.org.in/Scripts/PSIUserView.aspx?Id=12,https://rbidocs.rbi.org.in/rdocs/PSI/DOCs/PSIMAY2022F6402F5851B94DF5AFAABB98D08754AA.XLSX
2022-06,13,https://www.rbi.org.in/Scripts/PSIUserView.aspx?Id=13,https://rbidocs.rbi.org.in/rdocs/PSI/DOCs/PSIJUNE2022B36404231F9044B8A620224EC985E437.XLSX
2022-07,14,https://www.rbi.org.in/Scripts/PSIUserView.aspx?Id=14,https://rbidocs.rbi.org.in/rdocs/PSI/DOCs/PSIJULY2022E1AFE580359B43F8923AA54EBB4C9771.XLSX
2022-08,15,https://www.rbi.org.in/Scripts/PSIUserView.aspx?Id=15,https://rbidocs.rbi.org.in/rdocs/PSI/DOCs/PSIAUGUST20228C79ED36FDBF4EC98CE178839722EE0C.XLSX
2022-09,16,https://www.rbi.org.in/Scripts/PSIUserView.aspx?Id=16,https://rbidocs.rbi.org.in/rdocs/PSI/DOCs/PSISEPT2022D75E76FBF7B24490AAB6E91F7E11835F.XLSX
2022-10,17,https://www.rbi.org.in/Scripts/PSIUserView.aspx?Id=17,https://rbidocs.rbi.org.in/rdocs/PSI/DOCs/PSSOCT2022D3D2B2B62E8D40CDB7EAD95931FA1756.XLSX
2022-11,18,https://www.rbi.org.in/Scripts/PSIUserView.aspx?Id=18,https://rbidocs.rbi.org.in/rdocs/PSI/DOCs/PSINOV2022558C739DD80F4EF789F4664C45400819.XLSX
2022-12,19,https://www.rbi.org.in/Scripts/PSIUserView.aspx?Id=19,https://rbidocs.rbi.org.in/rdocs/PSI/DOCs/PSIDECEMBER2022C7FD53CA326B4CA2AF110D6E3DD1215F.XLSX
2023-01,20,https://www.rbi.org.in/Scripts/PSIUserView.aspx?Id=20,https://rbidocs.rbi.org.in/rdocs/PSI/DOCs/PSIJANUARY2023FF9D85B3EE3949A8BF1E7376310A37D5.XLSX
2023-02,21,https://www.rbi.org.in/Scripts/PSIUserView.aspx?Id=21,https://rbidocs.rbi.org.in/rdocs/PSI/DOCs/PSIFEBRUARY2023AF730CABB5F043619C173F4E6A76758C.XLSX
2023-03,22,https://www.rbi.org.in/Scripts/PSIUserView.aspx?Id=22,https://rbidocs.rbi.org.in/rdocs/PSI/DOCs/PSIMARCH20238F7CD555DB074AE3BE9A8867E1E65A0A.XLSX
2023-04,23,https://www.rbi.org.in/Scripts/PSIUserView.aspx?Id=23,https://rbidocs.rbi.org.in/rdocs/PSI/DOCs/PSIAPRIL2023B46FA1C9CBD148B0A504D9AD80B7B4E5.XLSX
2023-05,24,https://www.rbi.org.in/Scripts/PSIUserView.aspx?Id=24,https://rbidocs.rbi.org.in/rdocs/PSI/DOCs/PSIMAY202354737DED5E3543578119F23BE6B48E8D.XLSX
2023-06,25,https://www.rbi.org.in/Scripts/PSIUserView.aspx?Id=25,https://rbidocs.rbi.org.in/rdocs/PSI/DOCs/PSIJUNE202371931840C28D4929944FEB29907C11A6.XLSX
2023-07,26,https://www.rbi.org.in/Scripts/PSIUserView.aspx?Id=26,https://rbidocs.rbi.org.in/rdocs/PSI/DOCs/PSIJULY2023B3AD500584594351A11EA5F9F0C66672.XLSX
2023-08,27,https://www.rbi.org.in/Scripts/PSIUserView.aspx?Id=27,https://rbidocs.rbi.org.in/rdocs/PSI/DOCs/PSIAUGUST2023E8A325E40DC846A280AA63AE94C5C978.XLSX
2023-09,28,https://www.rbi.org.in/Scripts/PSIUserView.aspx?Id=28,https://rbidocs.rbi.org.in/rdocs/PSI/DOCs/PSISEP20237C49D74D41F64AC288B905FCD59F7F95.XLSX
2023-10,29,https://www.rbi.org.in/Scripts/PSIUserView.aspx?Id=29,https://rbidocs.rbi.org.in/rdocs/PSI/DOCs/PSIOCTOBER2023BE4ABD8D9E9B44C081B0C3ECC3FCE7AB.XLSX
2023-11,30,https://www.rbi.org.in/Scripts/PSIUserView.aspx?Id=30,https://rbidocs.rbi.org.in/rdocs/PSI/DOCs/PSINOV23E53597E25F7745E2980CD49AD7E4FCF9.XLSX
2023-12,31,https://www.rbi.org.in/Scripts/PSIUserView.aspx?Id=31,https://rbidocs.rbi.org.in/rdocs/PSI/DOCs/PSIDECEMBER2023DFAE63EFAFB94F759A87DC8ED8DF0211.XLSX
2024-01,32,https://www.rbi.org.in/Scripts/PSIUserView.aspx?Id=32,https://rbidocs.rbi.org.in/rdocs/PSI/DOCs/PSIJANUARY2024EBFDC14475C042EB9BB8C39F7FC96118.XLSX
2024-02,33,https://www.rbi.org.in/Scripts/PSIUserView.aspx?Id=33,https://rbidocs.rbi.org.in/rdocs/PSI/DOCs/PAYMENTSYSTEMINDICATORFEBRUARY2476C1B7AA2FB842CFAE41137945BFD8CE.XLSX
2024-03,34,https://www.rbi.org.in/Scripts/PSIUserView.aspx?Id=34,https://rbidocs.rbi.org.in/rdocs/PSI/DOCs/PAYMENTSYSTEM032024A6C398A83D8E480CBCB72A8567367DF0.XLSX
2024-04,35,https://www.rbi.org.in/Scripts/PSIUserView.aspx?Id=35,https://rbidocs.rbi.org.in/rdocs/PSI/DOCs/PAYMENTSYSTEM0420243D9567C358A043ED96A62DB027D37A51.XLSX
2024-05,36,https://www.rbi.org.in/Scripts/PSIUserView.aspx?Id=36,https://rbidocs.rbi.org.in/rdocs/PSI/DOCs/PAYMENTSYSTEM052024422E68282C6C44A5AAB4C0B45E15D725.XLSX
2024-06,37,https://www.rbi.org.in/Scripts/PSIUserView.aspx?Id=37,https://rbidocs.rbi.org.in/rdocs/PSI/DOCs/PSIJUNE2024E71CC60E4F6441908081B1959E66E46B.XLSX
2024-07,38,https://www.rbi.org.in/Scripts/PSIUserView.aspx?Id=38,https://rbidocs.rbi.org.in/rdocs/PSI/DOCs/PSIJULY2024355A835657974FF0A2E080BEBE5C3C41.XLSX
2024-08,39,https://www.rbi.org.in/Scripts/PSIUserView.aspx?Id=39,https://rbidocs.rbi.org.in/rdocs/PSI/DOCs/PSIAUGUST2024CABBF8FD4CCA4FE5921272E69277E399.XLSX
2024-09,40,https://www.rbi.org.in/Scripts/PSIUserView.aspx?Id=40,https://rbidocs.rbi.org.in/rdocs/PSI/DOCs/PSISEPT2024865F4E2621B5457E910500A118FCC69F.XLSX
2024-10,41,https://www.rbi.org.in/Scripts/PSIUserView.aspx?Id=41,https://rbidocs.rbi.org.in/rdocs/PSI/DOCs/PSIOCT2024AAD88868662E4B61B9EE796F75544404.XLSX
2024-11,42,https://www.rbi.org.in/Scripts/PSIUserView.aspx?Id=42,https://rbidocs.rbi.org.in/rdocs/PSI/DOCs/PSINOVEMBER202433D17118B3814DC3B84BD575009CF879.XLSX
2024-12,43,https://www.rbi.org.in/Scripts/PSIUserView.aspx?Id=43,https://rbidocs.rbi.org.in/rdocs/PSI/DOCs/PSIDECEMBER20244E7A869B47184D939BD43C3D6E2CD930.XLSX
2025-01,44,https://www.rbi.org.in/Scripts/PSIUserView.aspx?Id=44,https://rbidocs.rbi.org.in/rdocs/PSI/DOCs/PSIJANUARY2025CEB7BF70B0F54695B479CA570EB1584F.XLSX
2025-02,45,https://www.rbi.org.in/Scripts/PSIUserView.aspx?Id=45,https://rbidocs.rbi.org.in/rdocs/PSI/DOCs/PSIFEBRUARY2025D03CC8610BC74EB9B2F855F641B0047F.XLSX
2025-03,46,https://www.rbi.org.in/Scripts/PSIUserView.aspx?Id=46,https://rbidocs.rbi.org.in/rdocs/PSI/DOCs/PSIMARCH24042025B392941E3F7346759B014AEEC4E572DB.XLSX
2025-04,47,https://www.rbi.org.in/Scripts/PSIUserView.aspx?Id=47,https://rbidocs.rbi.org.in/rdocs/PSI/DOCs/PSIAPRIL22052025865581C238FB4B5780610A00492F7BF7.XLSX
2025-05,48,https://www.rbi.org.in/Scripts/PSIUserView.aspx?Id=48,https://rbidocs.rbi.org.in/rdocs/PSI/DOCs/PSIMAY230620259566FCD300264D77A56496EF2BE96E39.XLSX
2025-06,49,https://www.rbi.org.in/Scripts/PSIUserView.aspx?Id=49,https://rbidocs.rbi.org.in/rdocs/PSI/DOCs/PSIJUNE22072025163AC61C242448A18AFBD0F1E9B2A234.XLSX
2025-07,50,https://www.rbi.org.in/Scripts/PSIUserView.aspx?Id=50,https://rbidocs.rbi.org.in/rdocs/PSI/DOCs/PSIJULY2025A66B453678F744F1929AD60E01D52FE1.XLSX
2025-08,51,https://www.rbi.org.in/Scripts/PSIUserView.aspx?Id=51,https://rbidocs.rbi.org.in/rdocs/PSI/DOCs/PSIAUGUST20253E4CD7C42FAE4896B92ABF9DD425B33D.XLSX
2025-09,52,https://www.rbi.org.in/Scripts/PSIUserView.aspx?Id=52,https://rbidocs.rbi.org.in/rdocs/PSI/DOCs/PSISEPTEMBER20258A442C5802534790AFD24217FAA566F8.XLSX
2025-10,53,https://www.rbi.org.in/Scripts/PSIUserView.aspx?Id=53,https://rbidocs.rbi.org.in/rdocs/PSI/DOCs/PSIOCTOBER20255937C762A8E04D62AB943A69170959ED.XLSX
2025-11,54,https://www.rbi.org.in/Scripts/PSIUserView.aspx?Id=54,https://rbidocs.rbi.org.in/rdocs/PSI/DOCs/PSINOVEMBER2025F3C36563A3A9490C8A780F848C96E32E.XLSX
2025-12,55,https://www.rbi.org.in/Scripts/PSIUserView.aspx?Id=55,https://rbidocs.rbi.org.in/rdocs/PSI/DOCs/PSIDECEMBER2025773DD2CE9DBA42A1B3A1473C9E67A638.XLSX
2026-01,56,https://www.rbi.org.in/Scripts/PSIUserView.aspx?Id=56,https://rbidocs.rbi.org.in/rdocs/PSI/DOCs/PSIJANUARY20269E6B9450001843A8B45C397C8C90F7DD.XLSX
2026-02,57,https://www.rbi.org.in/Scripts/PSIUserView.aspx?Id=57,https://rbidocs.rbi.org.in/rdocs/PSI/DOCs/PSIFEBRUARY2026333326F3AFFA4F31A222A7A242B54F42.XLSX
2026-03,58,https://www.rbi.org.in/Scripts/PSIUserView.aspx?Id=58,https://rbidocs.rbi.org.in/rdocs/PSI/DOCs/PSIMARCH202607B1CD7C13AA4A41A7A0B1443D1DFBE2.XLSX
