month,credit_cards_outstanding,debit_cards_outstanding,atms,pos_terminals,bharat_qr_codes,upi_qr_codes,unit,rbi_release_id,rbi_release_page_url,archived_html_file,source_html_sha256
2022-01,702.52,9409.29,2.51,56.20,46.97,1521.05,lakh,8,https://www.rbi.org.in/Scripts/PSIUserView.aspx?Id=8,source_archive/rbi/html/2022-01_id8.html,ceb92dd0c367be4f1bf91a1bd19a912b2f413c33583699746b1e8bab841cb42f
2022-02,717.08,9350.66,2.54,58.34,48.27,1600.19,lakh,9,https://www.rbi.org.in/Scripts/PSIUserView.aspx?Id=9,source_archive/rbi/html/2022-02_id9.html,62d46f10cc92f1710c3ac975247fe5e78f668041ae24ca3a19bff3590c697823
2022-03,736.27,9176.66,2.48,60.70,49.72,1727.34,lakh,10,https://www.rbi.org.in/Scripts/PSIUserView.aspx?Id=10,source_archive/rbi/html/2022-03_id10.html,22677d24cc9784974f8e35c611d0f7aaa09cab94252a1f28579c96f011910220
2022-04,751.66,9205.18,2.49,61.26,40.90,1807.21,lakh,11,https://www.rbi.org.in/Scripts/PSIUserView.aspx?Id=11,source_archive/rbi/html/2022-04_id11.html,7c9e44b749f971e0a9a9c55a991d134ee905bf377caeaa4cd45c5c6289d7cf37
2022-05,768.77,9233.33,2.52,61.69,41.38,1880.15,lakh,12,https://www.rbi.org.in/Scripts/PSIUserView.aspx?Id=12,source_archive/rbi/html/2022-05_id12.html,621cc8a3a1b9077ebf76b41527703758404ab8d9efb83e611f42c973a5ead3f0
2022-06,787.23,9217.52,2.53,65.91,42.80,1951.71,lakh,13,https://www.rbi.org.in/Scripts/PSIUserView.aspx?Id=13,source_archive/rbi/html/2022-06_id13.html,27ce9a4d98b87e0d04aa9125b39b2e081b66838a070900a8e840ad8772783c9e
2022-07,802.56,9281.34,2.54,68.19,45.21,2013.02,lakh,14,https://www.rbi.org.in/Scripts/PSIUserView.aspx?Id=14,source_archive/rbi/html/2022-07_id14.html,04b5840d865e8f28d0285b5181326a964a7346d22c4f64a750c8eefa5fe76b6a
2022-08,779.91,9348.59,2.54,70.58,47.49,2092.54,lakh,15,https://www.rbi.org.in/Scripts/PSIUserView.aspx?Id=15,source_archive/rbi/html/2022-08_id15.html,9da4fc5a2548e79cffc04070a9c64278f13d592b3204cae98d2dc771ed6201f1
2022-09,777.02,9385.38,2.55,70.35,48.64,2164.30,lakh,16,https://www.rbi.org.in/Scripts/PSIUserView.aspx?Id=16,source_archive/rbi/html/2022-09_id16.html,bcd7648e1b3e111aae70c7e1049adb928e3fc7f71f5435d430d57ca3b8a11f1b
2022-10,793.68,9394.61,2.55,72.11,47.19,2253.23,lakh,17,https://www.rbi.org.in/Scripts/PSIUserView.aspx?Id=17,source_archive/rbi/html/2022-10_id17.html,1a7c8ebe23aa2e7c0cdcc702bd5130539e2e1333eb625ede129c1773254330f7
2022-11,806.65,9477.28,2.55,73.52,48.25,2302.87,lakh,18,https://www.rbi.org.in/Scripts/PSIUserView.aspx?Id=18,source_archive/rbi/html/2022-11_id18.html,eb47fbcaca3161e3e656049e5fc59eb5111114845a2b68e2cba84b20de10309a
2022-12,811.87,9394.66,2.57,75.50,49.59,2379.44,lakh,19,https://www.rbi.org.in/Scripts/PSIUserView.aspx?Id=19,source_archive/rbi/html/2022-12_id19.html,655c5ba43e3e115529258fade55b5a3509792fabb5756532edefcc1de05f275d
2023-01,824.52,9455.81,2.58,76.57,50.57,2442.34,lakh,20,https://www.rbi.org.in/Scripts/PSIUserView.aspx?Id=20,source_archive/rbi/html/2023-01_id20.html,66c708c342269aca037a3c3f9aad210761bc8bd49e0becde893566271fae178b
2023-02,833.66,9541.22,2.57,77.58,52.22,2500.89,lakh,21,https://www.rbi.org.in/Scripts/PSIUserView.aspx?Id=21,source_archive/rbi/html/2023-02_id21.html,5358700efe1cabc072352b1aeea2fffdcd8bb8967536f1832e8e2892358a0fb4
2023-03,853.03,9612.59,2.59,77.90,53.82,2563.77,lakh,22,https://www.rbi.org.in/Scripts/PSIUserView.aspx?Id=22,source_archive/rbi/html/2023-03_id22.html,f4efb0654e03286aa2afb8ea8aa46b29caf164f1206cf32c89571b85c3202042
2023-04,865.13,9670.12,2.55,78.37,54.36,2609.08,lakh,23,https://www.rbi.org.in/Scripts/PSIUserView.aspx?Id=23,source_archive/rbi/html/2023-04_id23.html,6b2d12c3d7e9e1476063ca82348d06b114691176a63511694736b3f00147c4de
2023-05,877.47,9739.26,2.56,79.61,55.45,2667.57,lakh,24,https://www.rbi.org.in/Scripts/PSIUserView.aspx?Id=24,source_archive/rbi/html/2023-05_id24.html,38ae8efed2ce711470c7c84aa86c49f73caed8e3213702f6e74a3d8113fdfc6f
2023-06,886.82,9758.33,2.59,80.94,56.88,2720.15,lakh,25,https://www.rbi.org.in/Scripts/PSIUserView.aspx?Id=25,source_archive/rbi/html/2023-06_id25.html,89cb174f324ed80ec0eff09c481d5ec82c523862e9583a2861f2c8f10a903295
2023-07,898.73,9707.41,2.59,81.23,58.06,2807.25,lakh,26,https://www.rbi.org.in/Scripts/PSIUserView.aspx?Id=26,source_archive/rbi/html/2023-07_id26.html,cd3674179b691f8ac9f8bfb9a2eb86892f457196d876c8220a8669d7df24cdd7
2023-08,912.78,9780.57,2.60,82.47,58.99,2881.64,lakh,27,https://www.rbi.org.in/Scripts/PSIUserView.aspx?Id=27,source_archive/rbi/html/2023-08_id27.html,23c77cbe4ee9dbd81495ab263f1bc5153cd89919448fc05ee182ca016e9b3dba
2023-09,930.17,9667.88,2.58,83.02,59.82,2950.06,lakh,28,https://www.rbi.org.in/Scripts/PSIUserView.aspx?Id=28,source_archive/rbi/html/2023-09_id28.html,8f490aa2719ea222a2ba35461b67ebed6fb50fa7a646d6f6bd6466771c3f2fa2
2023-10,947.11,9801.71,2.58,83.48,59.75,3017.20,lakh,29,https://www.rbi.org.in/Scripts/PSIUserView.aspx?Id=29,source_archive/rbi/html/2023-10_id29.html,bc7dbae7a5be9fe218fa39d94fc0072b8b8cbf2ef6edc8d92969247de426c946
2023-11,960.01,9791.30,2.58,84.32,58.74,3087.39,lakh,30,https://www.rbi.org.in/Scripts/PSIUserView.aspx?Id=30,source_archive/rbi/html/2023-11_id30.html,10557fb5a8c1dad8944b2d966ba6c8f4d0c914bd4f5905f4338515dec98ba151
2023-12,979.05,9608.94,2.58,85.67,59.57,3170.66,lakh,31,https://www.rbi.org.in/Scripts/PSIUserView.aspx?Id=31,source_archive/rbi/html/2023-12_id31.html,f3fd5f72382c08d9506f0ac9f5333f661673b4455c38d541afaa003f3f87b8f7
2024-01,995.00,9575.65,2.58,85.93,60.04,3213.79,lakh,32,https://www.rbi.org.in/Scripts/PSIUserView.aspx?Id=32,source_archive/rbi/html/2024-01_id32.html,63d2769ea42a5895ff4e92074a48c3a55d00635bc57fc556a0ed2eef146677fd
2024-02,1006.00,9606.71,2.57,87.73,61.50,3371.80,lakh,33,https://www.rbi.org.in/Scripts/PSIUserView.aspx?Id=33,source_archive/rbi/html/2024-02_id33.html,7a0fc03dbdf05f40e0bb4f80b43aa7a02e93ec480779150ca269ce99a25ff643
2024-03,1018.03,9649.19,2.58,89.03,62.50,3462.03,lakh,34,https://www.rbi.org.in/Scripts/PSIUserView.aspx?Id=34,source_archive/rbi/html/2024-03_id34.html,2c552780c07d1b1733575265a77fe77662d0048d58b00b135db00a48b82c3362
2024-04,1025.40,9694.15,2.57,88.39,60.59,3195.01,lakh,35,https://www.rbi.org.in/Scripts/PSIUserView.aspx?Id=35,source_archive/rbi/html/2024-04_id35.html,e5500f1d942bfdb894f16bb320e0d2f813d5eba800a45461a37d3341891dd99b
2024-05,1033.00,9747.74,2.57,88.04,61.21,3300.27,lakh,36,https://www.rbi.org.in/Scripts/PSIUserView.aspx?Id=36,source_archive/rbi/html/2024-05_id36.html,a9cb1d0ec09fde9d871dec0dd5e8274189f02aa9828c07ea046e0ecc970c5ceb
2024-06,1038.13,9797.10,2.56,89.67,61.64,3401.24,lakh,37,https://www.rbi.org.in/Scripts/PSIUserView.aspx?Id=37,source_archive/rbi/html/2024-06_id37.html,26a173094e0fd0cb05826e1db889138c941a96fe93dcd294f880c6cbce2aac16
2024-07,1045.68,9804.62,2.55,89.72,61.87,3286.40,lakh,38,https://www.rbi.org.in/Scripts/PSIUserView.aspx?Id=38,source_archive/rbi/html/2024-07_id38.html,fc8aefdae764ff2fa7f0ce7602a8bce131d8d2e07ac44b77938de3d09706d933
2024-08,1054.92,9857.10,2.55,93.01,63.97,3412.10,lakh,39,https://www.rbi.org.in/Scripts/PSIUserView.aspx?Id=39,source_archive/rbi/html/2024-08_id39.html,b1ee93d3cf9cf92e69d4f4526d1f753b7eb840cbaa250e5b2ef13d7857772a6e
2024-09,1061.13,9907.18,2.55,93.43,64.16,6069.95,lakh,40,https://www.rbi.org.in/Scripts/PSIUserView.aspx?Id=40,source_archive/rbi/html/2024-09_id40.html,fe9e335569188c76472b093d39513329049383cd1a564e862454f23dfa4f707e
2024-10,1068.90,9984.13,2.56,95.09,64.31,6167.67,lakh,41,https://www.rbi.org.in/Scripts/PSIUserView.aspx?Id=41,source_archive/rbi/html/2024-10_id41.html,e868c65b7f91978d02bd7d6f5be02b2ae8674bd41fd669d996ceb09655f8c807
2024-11,1072.40,9936.38,2.55,96.91,63.60,6260.92,lakh,42,https://www.rbi.org.in/Scripts/PSIUserView.aspx?Id=42,source_archive/rbi/html/2024-11_id42.html,d7809a817126091ee7fe38f2c915337e70c768b12831e512fd848c7a016ee479
2024-12,1080.56,9909.48,2.55,100.01,63.83,6334.39,lakh,43,https://www.rbi.org.in/Scripts/PSIUserView.aspx?Id=43,source_archive/rbi/html/2024-12_id43.html,e0ef108b03cbd902f63a9d85246b3e841463856a3271cc58faa56d8f0460463d
2025-01,1088.73,9820.39,2.57,103.53,64.43,6400.67,lakh,44,https://www.rbi.org.in/Scripts/PSIUserView.aspx?Id=44,source_archive/rbi/html/2025-01_id44.html,51c99f8bbd974533b885249f29f9a2771e07c80a9776e784a7c84345bc60ab99
2025-02,1093.15,9856.77,2.58,107.18,65.48,6496.91,lakh,45,https://www.rbi.org.in/Scripts/PSIUserView.aspx?Id=45,source_archive/rbi/html/2025-02_id45.html,7d36a8d42123d997258797febcb6ce67789994dc3303a9d2b297972befc88d56
2025-03,1098.85,9908.12,2.56,110.98,67.18,6579.30,lakh,46,https://www.rbi.org.in/Scripts/PSIUserView.aspx?Id=46,source_archive/rbi/html/2025-03_id46.html,082189001c6e6e7dbd8262abe8ebee228d9990eb0393b59754c86fa70760bef7
2025-04,1104.36,9959.84,2.55,112.91,66.84,6624.75,lakh,47,https://www.rbi.org.in/Scripts/PSIUserView.aspx?Id=47,source_archive/rbi/html/2025-04_id47.html,3bdd9eae843b1de6e3529a976de031c8c58e9fb3a812782e91046f7e57857dc7
2025-05,1111.98,10003.70,2.57,115.89,66.64,6698.20,lakh,48,https://www.rbi.org.in/Scripts/PSIUserView.aspx?Id=48,source_archive/rbi/html/2025-05_id48.html,e10639dbfe62fc50a631e55c0b1020e285bc49125edef248573b42a59791e97c
2025-06,1111.97,10051.80,2.51,117.91,67.21,6782.51,lakh,49,https://www.rbi.org.in/Scripts/PSIUserView.aspx?Id=49,source_archive/rbi/html/2025-06_id49.html,28af5601098d607666e52f0e6344d1ab755edeab4a48fd4eeaa6c8895944ef67
2025-07,1116.23,10127.27,2.49,119.21,66.64,6881.22,lakh,50,https://www.rbi.org.in/Scripts/PSIUserView.aspx?Id=50,source_archive/rbi/html/2025-07_id50.html,7caaf0a385308e5ada5bdec42e90c749e38c997226add9b2bd7c49014c5135a3
2025-08,1123.14,10180.42,2.49,119.73,65.97,6978.38,lakh,51,https://www.rbi.org.in/Scripts/PSIUserView.aspx?Id=51,source_archive/rbi/html/2025-08_id51.html,896df7faa0f7d20bb0975eb5e72560d1f41d7a64af6b1c32a0c66b0b2a5e8348
2025-09,1133.90,10248.24,2.49,121.24,60.95,7090.66,lakh,52,https://www.rbi.org.in/Scripts/PSIUserView.aspx?Id=52,source_archive/rbi/html/2025-09_id52.html,de677aa2d489c7090be90422d8886eac39e4bcdf49da6b50ce7fbb6733488489
2025-10,1140.18,10271.50,2.50,123.17,60.73,7175.25,lakh,53,https://www.rbi.org.in/Scripts/PSIUserView.aspx?Id=53,source_archive/rbi/html/2025-10_id53.html,7c6130dd265c1a8f63f46aa94c759acea1941038c32a995d8b0568e71957a2bb
2025-11,1148.66,10299.96,2.51,112.54,59.53,7282.89,lakh,54,https://www.rbi.org.in/Scripts/PSIUserView.aspx?Id=54,source_archive/rbi/html/2025-11_id54.html,10f53d199742b25f09de1a586d436fceb50b0608136290f7e0603dba74e8f39c
2025-12,1157.84,10343.46,2.50,114.75,58.90,7313.65,lakh,55,https://www.rbi.org.in/Scripts/PSIUserView.aspx?Id=55,source_archive/rbi/html/2025-12_id55.html,30197a8624753b1156eda2347a95c62e3a2de7a88c845eb9c22af299a4af4042
2026-01,1166.52,10377.57,2.52,115.25,57.97,7384.20,lakh,56,https://www.rbi.org.in/Scripts/PSIUserView.aspx?Id=56,source_archive/rbi/html/2026-01_id56.html,491ace0cf0639ca8855227d6c964a600dfa890d651a47f227d32b70271970648
2026-02,1177.04,10417.67,2.53,116.65,58.97,7542.04,lakh,57,https://www.rbi.org.in/Scripts/PSIUserView.aspx?Id=57,source_archive/rbi/html/2026-02_id57.html,292f158992ac66655ce1611e426eb8292bf5dc2bd36fcb1adc5c5324468ddcd1
2026-03,1186.34,10447.56,2.54,117.69,56.33,7612.17,lakh,58,https://www.rbi.org.in/Scripts/PSIUserView.aspx?Id=58,source_archive/rbi/html/2026-03_id58.html,4608a1a2dc6ea224bd51f347d34f2a8f8442753c5447cf6486cd1007b469a8ca
